content,predicted_3labels,confidence_3labels,at
super for business,BUG,0.86,2026-02-17 22:43:12
good support for healthy life,BUG,0.63,2026-02-17 21:24:09
this app is so much easier to understand than the others,BUG,0.67,2026-02-17 20:47:31
keep getting unknown errors,BUG,0.85,2026-02-17 20:32:02
why not working in my tab,BUG,0.89,2026-02-17 20:15:20
"for mobile, need a better participant's list that can be seen by host during screenshare",FEATURE,0.41,2026-02-17 19:37:48
works very well,BUG,0.91,2026-02-17 19:28:39
User friendly.,BUG,0.85,2026-02-17 19:25:43
"excellent service, clear transmission and reception.",BUG,0.75,2026-02-17 17:27:15
"Kinda bad video quality compared to others. And wouldn't let me sync with Google. Other than thats, it's okay I guess.",FEATURE,0.49,2026-02-17 15:28:23
"If I could give negative stars, I would. Absolutely user unfriendly. both the app, and the people you talk to are not user friendly. They couldn't care less about their customers, and lack the training to solve customer issues. I spent 3 hours on the phone with these people with no solution to my missing payment that I gave proof of. There's no way to make a manual payment through the app. zoom somehow lost my payment and couldn't care less. I had to pay twice for the same month of service.",BUG,0.56,2026-02-17 15:02:05
annoyed like hell. I can't stop this damn app from popping up when I try to make calls from my text message screen I have done multiple steps to fix this app but I might just have to delete it.,BUG,0.55,2026-02-17 13:50:29
good communications for all people,BUG,0.72,2026-02-17 12:45:11
"Iam using zoom from last 1 yr, no disturbance, clear sound, clear video, I will recommend others to use zoom.",BUG,0.8,2026-02-17 11:57:03
five star,BUG,0.81,2026-02-17 11:36:45
This app is very useful ‚ò∫Ô∏è‚ò∫Ô∏è,BUG,0.7266666666666666,2026-02-17 10:55:05
thik hai,BUG,0.87,2026-02-17 10:46:22
time limit cant Saficiant,BUG,0.74,2026-02-17 10:35:38
very nice,FEATURE,0.49,2026-02-17 10:09:44
goog,BUG,0.87,2026-02-17 09:47:07
its good but i dont know how can i use it pleas told me üòî‚òπÔ∏è,BUG,0.63,2026-02-17 09:10:05
great,BUG,0.75,2026-02-17 09:04:02
best meatting group,BUG,0.72,2026-02-17 08:52:56
"this aap is very darty please do,not show again my feed",BUG,0.88,2026-02-17 08:40:34
"It was a good experience using it , no problems occurred",BUG,0.52,2026-02-17 08:37:19
very nice Debra hamman,FEATURE,0.49,2026-02-17 08:35:09
so bad app,BUG,0.8,2026-02-17 08:33:56
good,BUG,0.74,2026-02-17 08:32:47
no blur video option,FEATURE,0.63,2026-02-17 08:28:05
Zoom is perhaps the most widely known video call app besides Google Meet. made popular during the Covid Lockdown. Still useful in various ways.,BUG,0.5566666666666666,2026-02-17 07:34:34
"Trash app. Completely sabotaged interview. I used Google Meet/MS Teams in browser without issue, but this time they used Zoom. At first I went to use in browser, could not hear the speaker, because it used the phone's ear speaker, not loud speaker, which is no good for video calls. I tried to connect to BT speaker & earphones mid call, no sound at all. I had to download the app mid call and switch, it did not fix the other issues, only that the ear speaker was a tad louder, enough to wing it.",BUG,0.81,2026-02-17 07:07:58
great,BUG,0.75,2026-02-17 06:29:57
GOOD,BUG,0.74,2026-02-17 05:45:54
"‡¶Ü‡¶∏‡¶∏‡¶æ‡¶≤‡¶æ‡¶Æ‡ßÅ ‡¶Ü‡¶≤‡¶æ‡¶á‡¶ï‡ßÅ‡¶Æ, ‡¶Ü‡¶Æ‡¶ø ‡¶ú‡ßÅ‡¶Æ‡ßá ‡¶Ö‡¶®‡¶≤‡¶æ‡¶á‡¶® ‡¶ï‡ßç‡¶≤‡¶æ‡¶∏ ‡¶ï‡¶∞‡¶§‡ßá ‡¶™‡¶æ‡¶∞‡¶§‡ßá‡¶õ‡¶ø ‡¶®‡¶æ‡•§ ‡¶Ü‡¶Æ‡¶æ‡¶∞ ‡¶´‡ßã‡¶® Samsung Galaxy j2 ‡¶Ö‡¶®‡ßÅ‡¶ó‡ßç‡¶∞‡¶π ‡¶ï‡¶∞‡ßá ‡¶Ü‡¶Æ‡¶æ‡¶ï‡ßá ‡¶Ö‡¶®‡¶≤‡¶æ‡¶á‡¶® ‡¶ï‡ßç‡¶≤‡¶æ‡¶∏ ‡¶ï‡¶∞‡¶æ‡¶∞ ‡¶Ö‡¶®‡ßÅ‡¶Æ‡¶§‡¶ø ‡¶¶‡¶ø‡¶≤‡ßá ‡¶Ü‡¶Æ‡¶ø ‡¶Ü‡¶™‡¶®‡¶æ‡¶∞ ‡¶®‡¶ø‡¶ï‡¶ü ‡¶ö‡¶ø‡¶∞‡¶ï‡ßÉ‡¶§‡¶ú‡ßç‡¶û ‡¶•‡¶æ‡¶ï‡¶ø‡¶¨",BUG,0.91,2026-02-17 05:37:47
"Very promotional, data is set to zoom ownership of intellectual property rights. Great app. ....",FEATURE,0.47,2026-02-17 03:38:35
how to update this,BUG,0.92,2026-02-17 02:46:52
he open for me but he never open for me I have evedans for you never install itü•Ä(¬¨_¬¨),BUG,0.92,2026-02-17 02:04:18
some times not clear that the problem other vise its good,BUG,0.76,2026-02-17 01:44:28
üòû,BUG,0.87,2026-02-17 00:12:59
trash I should've put 0 stars,BUG,0.81,2026-02-17 00:10:53
good platform! I love the different ways to share,BUG,0.73,2026-02-16 23:31:45
good job very nice üëç,FEATURE,0.54,2026-02-16 22:41:48
üëçüëç,BUG,0.87,2026-02-16 22:22:56
bad app..lagging audio,BUG,0.73,2026-02-16 22:03:55
"Zoom is very useful for online meetings and classes. The video and audio quality are clear and stable. It makes communication easier with teachers, friends, and colleagues.",FEATURE,0.44833333333333336,2026-02-16 21:28:36
professional,BUG,0.87,2026-02-16 21:19:08
good app,BUG,0.7,2026-02-16 21:16:25
No background facilities in this app,BUG,0.8,2026-02-16 21:09:46
good,BUG,0.74,2026-02-16 21:07:31
‡Æï‡ØÅ‡Æü‡Øç,BUG,0.87,2026-02-16 19:32:20
it's nice you can talk to people friends and family it's I'm waiting for more!,FEATURE,0.58,2026-02-16 19:28:56
latest changes created a nightmare! I m moving to MS-Teams,BUG,0.84,2026-02-16 18:04:07
"I like the ad, it's fast and easier to see face to face to families n friends",FEATURE,0.51,2026-02-16 16:52:25
excellent üëå,BUG,0.77,2026-02-16 16:50:55
this app is a garbage I give 25 dollar for subscription but they took my money and also give me the dailar for 1 week üëéüëéüëéüëéüëé,BUG,0.85,2026-02-16 14:32:03
"Why fixing what's not broken?? Opening Zoom to quickly join the meeting. Hang on: where's the ""join the meeting"" button??? All tis overhaul and ""redesign"" - it's like going to your supermarket only to find that everything got moved around to make you go through the whole shop just to get your usual stuff. Unlike the supermarkets where they hope you'll buy more, I cannot see any advantage for Zoom owners. ""Get pro version"" banners are in my face anyways... Other than that, it does the job.",BUG,0.75,2026-02-16 14:26:50
works well for me,BUG,0.91,2026-02-16 13:51:17
I use it everyday,BUG,0.79,2026-02-16 12:06:57
‡§ó‡•Å‡§°,BUG,0.87,2026-02-16 11:58:31
"Gallery view in All Android devices only shows squares, which ends up cutting off half of people's faces when we're zooming with relatives. No settings to adjust this. Very annoying and hindering the entire zoom sessions.",BUG,0.61,2026-02-16 11:37:58
"Horrible company. They treat their customers like garbage. If you ever mistakingly forget to cancel auto renew, they take your money and won't refund you, even if you reach out AN HOUR after the payment goes through. I hope they go out of business. Shameful way to treat your customers.",BUG,0.63,2026-02-16 11:24:42
good üëç,BUG,0.74,2026-02-16 11:08:08
Better service.,BUG,0.6783333333333335,2026-02-16 10:19:05
It is very good app for do something like meeting üî•üöÄ,FEATURE,0.49,2026-02-16 10:16:02
"Ye meeting Mein app bahut, kaam aata hai.Please Is app ko try kare?",BUG,0.88,2026-02-16 10:04:33
very good app,BUG,0.7,2026-02-16 10:02:23
Always excellent and perfect recordings. Fab app,BUG,0.68,2026-02-16 09:12:53
Very nice app . This app is very useful.,FEATURE,0.5016666666666667,2026-02-16 09:12:28
its good featured in App s,BUG,0.68,2026-02-16 09:05:09
that is good for school,BUG,0.74,2026-02-16 08:59:34
The best app we experienced a lot in Covid days,BUG,0.718,2026-02-16 08:23:44
good,BUG,0.74,2026-02-16 08:17:49
very nice app hai,BUG,0.49,2026-02-16 08:14:08
good,BUG,0.74,2026-02-16 08:02:13
vefy good they want to give easy to use ui,FEATURE,0.54,2026-02-16 07:57:27
very good üíØ,BUG,0.74,2026-02-16 07:54:47
Google zoom app is one of the best that brings life to the reality,BUG,0.62,2026-02-16 07:06:53
nicw,BUG,0.87,2026-02-16 06:46:53
I downloaded this back in 2025 and haven't deleted since recently I've uninstall edit and reinstalled for an update issue and the entire app changed the PiP now closes if I minimise the tab and my keyboard on my tablet closes as they both instantly start also if I click a link in browser back then it ued to instantly launch zoom from browser but now it first goes to the zoom app then allows me to join,BUG,0.76,2026-02-16 06:34:41
my back ground always on blur on my samsung phone even after resetting.,BUG,0.75,2026-02-16 06:12:34
good app,BUG,0.7,2026-02-16 05:55:15
good app,BUG,0.7,2026-02-16 05:51:03
wrost,BUG,0.87,2026-02-16 04:59:52
‚ù§Ô∏è,BUG,0.87,2026-02-16 03:01:13
good,BUG,0.74,2026-02-16 02:49:34
good and helpful,BUG,0.62,2026-02-16 02:39:39
it's a good app I should be able to get it to you,BUG,0.69,2026-02-16 01:39:40
Get the timer working again for Android devices! Great for most part except Zoom timer doesn't work with Samsung Galaxy phone or my Samsung tablet.,BUG,0.67,2026-02-16 01:15:17
Great Help,BUG,0.76,2026-02-16 00:38:25
"worst experience, always facing audio issue. for 2 mins it works fine then goes blank then again i am audible and thus cycle keeps on repeating. too heavy app and i have top notch devices and good quality network. so basically your app sucks",BUG,0.68,2026-02-16 00:34:46
excellent app for getting together,BUG,0.71,2026-02-16 00:17:50
Is easy to use,BUG,0.56,2026-02-15 23:32:30
good platform,BUG,0.74,2026-02-15 20:15:09
"When I use Zoom on my Pixel 8 Pro, there is ALWAYS some type of bug that prevents me from using the app properly. On a call today I was unable to open chat as every time I clicked on it, it rose up then dropped back down before loading. I've also had issues turning my video on and off and getting disconnected from the call randomly while trying to navigate settings and fix other issues.. PLEASE make this app more usable!!!!",BUG,0.75,2026-02-15 17:52:59
Good,BUG,0.74,2026-02-15 17:35:25
its too interesting,BUG,0.87,2026-02-15 16:46:58
okay,BUG,0.87,2026-02-15 15:34:31
awesome,BUG,0.84,2026-02-15 14:31:56
updation is very bad,BUG,0.82,2026-02-15 14:17:22
good,BUG,0.74,2026-02-15 14:14:57
I use this app. every Sunday morning for church service in another state. I haven't experienced any problems when using it for the above purpose. Will use for other purposes soon.,BUG,0.76,2026-02-15 14:11:20
Best in business.,BUG,0.77,2026-02-15 13:35:12
"something is wrong. when I switch to another app, zoom goes dark or quits. I made sure display on top is enabled. I am up to date on Android. I uninstalled and reinstalled zoom. ************************************ old review the controls are very easy to use. sound and video are great. one question: why does the screen black out if you touch the upper part of the screen, even when zoom is not the active app?",BUG,0.73,2026-02-15 13:18:42
it sticks on sign in and launch zoom,BUG,0.87,2026-02-15 12:38:44
wow,BUG,0.87,2026-02-15 11:44:12
"It is good, but make the updates incremental. 170MB is a huge download, like replacing the app altogether",FEATURE,0.68,2026-02-15 11:08:57
Maybe you should upgrade the profile of the app,BUG,0.79,2026-02-15 11:01:36
Nice,FEATURE,0.49,2026-02-15 10:26:46
Excellent,BUG,0.77,2026-02-15 10:22:33
can't download app,BUG,0.84,2026-02-15 10:10:46
Good,BUG,0.74,2026-02-15 09:17:22
bad app,BUG,0.8,2026-02-15 08:42:25
Excellent üëå,BUG,0.77,2026-02-15 08:36:35
very good thanks let's thanks Jehovah God.,BUG,0.75,2026-02-15 07:52:03
goof,BUG,0.87,2026-02-15 07:50:46
good,BUG,0.74,2026-02-15 06:48:16
the new feature while downloading this apk was so creative I loved it mann ! HATS OFF üòÑüòÑ,BUG,0.75,2026-02-15 06:44:56
good,BUG,0.74,2026-02-15 04:32:25
Good to operate,BUG,0.74,2026-02-15 04:23:54
nice,FEATURE,0.49,2026-02-15 03:11:48
so amazing,BUG,0.87,2026-02-15 02:51:54
apps download so fast. serve my purpose.. happy with play store.,BUG,0.73,2026-02-15 02:17:10
this app download in not my phone pata nahin kyon nahin download hoti mere phone mein,BUG,0.76,2026-02-15 02:11:15
good,BUG,0.74,2026-02-15 01:53:06
was excellent but now can't open,BUG,0.82,2026-02-15 01:44:46
wow,BUG,0.87,2026-02-15 00:42:05
just good,BUG,0.78,2026-02-14 23:53:07
Gd way for eletronic verbal works,BUG,0.69,2026-02-14 23:40:52
excellent,BUG,0.77,2026-02-14 23:20:08
Excellent facilities,BUG,0.77,2026-02-14 23:09:09
para las conferncias y las clases una herramienta muy necesaria,BUG,0.87,2026-02-14 22:55:16
ver good,BUG,0.74,2026-02-14 21:32:04
I love zoom,BUG,0.87,2026-02-14 21:20:18
very useful. Thank you very much Zoom team,BUG,0.7266666666666666,2026-02-14 20:01:55
super üëç,BUG,0.86,2026-02-14 19:00:13
"Very nice, no disturbance. Thank you. As usual, excellent always. Thanks. Continues to be excellent. Thank you. Very good. Always good. Keep it up. I experience echoing. please help. thanks",BUG,0.6,2026-02-14 13:24:45
"won't work properly on Google Pixel tablet, cannot submit support issue cannot connect external Bluetooth speaker",BUG,0.7,2026-02-14 12:33:29
this app is soo helpful to my family,BUG,0.68,2026-02-14 12:16:00
some time voice not clear,BUG,0.93,2026-02-14 11:59:31
Makes for the best Bible study. Praise God.,BUG,0.71,2026-02-14 11:11:30
good,BUG,0.74,2026-02-14 11:02:36
it is outstanding.,BUG,0.87,2026-02-14 10:19:53
cast athigamaga ulathu cast less panaum sirüôè,BUG,0.87,2026-02-14 10:12:08
very good,BUG,0.74,2026-02-14 09:59:42
useless,BUG,0.87,2026-02-14 09:47:30
I tried downloading it but says device not compatible. Why can't any device irrespective of the android version have access to the app. This is not good in my opinion,BUG,0.62,2026-02-14 09:40:40
good,BUG,0.74,2026-02-14 09:31:55
good,BUG,0.74,2026-02-14 09:14:13
good,BUG,0.74,2026-02-14 08:57:40
Exicted And Beautiful Amazing,BUG,0.87,2026-02-14 08:47:14
keeps crashing. can't join any meetings. can't even log in,BUG,0.93,2026-02-14 08:32:02
nice,FEATURE,0.49,2026-02-14 08:30:03
good service and fast,BUG,0.68,2026-02-14 08:15:53
wonderful app,BUG,0.83,2026-02-14 08:12:55
Excellent,BUG,0.77,2026-02-14 08:08:07
Best for studies,BUG,0.77,2026-02-14 08:04:24
I just subscribed to one month zoom workplace pro. I have been debited but the payment is not updated on the app. I'm still been limited to 40mins meeting time,BUG,0.9,2026-02-14 07:34:21
it's so annoying. it keeps connecting even mobile data and WiFi is connected.. it sucksüò°,BUG,0.7,2026-02-14 07:32:00
very good,BUG,0.74,2026-02-14 07:17:24
I canceled all my services with zoom and they still took money out of my account.,BUG,0.87,2026-02-14 07:03:17
no words it better than all,BUG,0.7083333333333335,2026-02-14 07:01:22
good experience,BUG,0.71,2026-02-14 06:59:01
üíØüíØ,BUG,0.87,2026-02-14 06:18:09
v good,BUG,0.74,2026-02-14 05:39:22
"From last 4 days my regular any time meeting not on start, its presnt in top righit side menu, it should appear at start, i have paid app, do the needful... thanks",BUG,0.818,2026-02-14 05:14:23
best,BUG,0.77,2026-02-14 05:10:35
good,BUG,0.74,2026-02-14 05:00:32
Even if I opted for stopping my video before the class started then also the app started my video automatically which put me in a awkward position. Very disappointed. Previously I never faced this problem? Please solve this as soon as possible. üôè,BUG,0.72,2026-02-14 04:46:08
TAKES TOO MUCH TIME TO LOG IN,BUG,0.87,2026-02-14 04:04:47
very nice,FEATURE,0.49,2026-02-14 04:02:05
Annoying to have my gmail in front of screen. Thus blocking view.,BUG,0.77,2026-02-14 02:02:25
very inconvenient,BUG,0.87,2026-02-14 01:29:27
good,BUG,0.74,2026-02-14 00:24:07
excellent,BUG,0.77,2026-02-14 00:00:43
bad app,BUG,0.8,2026-02-13 23:55:59
"Easy to understand. I'm not schooled on internet, and/or phones. So, being able to understand the computer Apps.",BUG,0.58,2026-02-13 23:37:18
very bad app lots of problem while. connecting,BUG,0.82,2026-02-13 23:12:00
new interface is very inconvenience. why the invitation link is like 7 paragraph with many link. the old version is way bstter,BUG,0.47,2026-02-13 22:37:58
"very good, impressive and happy",BUG,0.7,2026-02-13 22:15:48
bore,BUG,0.87,2026-02-13 22:11:31
unsecure,BUG,0.87,2026-02-13 22:11:24
can't start my smart recovery meetings 2 weeks now,BUG,0.82,2026-02-13 21:23:46
really good aap.,BUG,0.5966666666666667,2026-02-13 19:54:54
clear video calll,BUG,0.78,2026-02-13 19:44:43
excellent,BUG,0.77,2026-02-13 19:39:19
good Life,BUG,0.71,2026-02-13 19:34:03
it's wonderful,BUG,0.85,2026-02-13 19:29:59
clarity in all aspects,BUG,0.87,2026-02-13 19:28:47
excellent,BUG,0.77,2026-02-13 19:27:42
good,BUG,0.74,2026-02-13 19:26:46
good,BUG,0.74,2026-02-13 16:47:25
awful,BUG,0.87,2026-02-13 15:21:25
keeps disconnecting every few minutes awful use WhatsApp or disc,BUG,0.87,2026-02-13 14:58:55
Good,BUG,0.74,2026-02-13 14:23:19
does everything but Zoom!?,BUG,0.85,2026-02-13 13:22:09
good,BUG,0.74,2026-02-13 12:23:57
good,BUG,0.74,2026-02-13 12:20:00
it freezes a lot and is sometimes hard to understand,BUG,0.72,2026-02-13 11:42:40
ultimate application for digital marketing,BUG,0.88,2026-02-13 11:20:31
good for online classes,BUG,0.65,2026-02-13 11:04:19
can't install this app.,BUG,0.85,2026-02-13 10:53:24
good and easy for communication as well as make connections with worldwide.,FEATURE,0.52,2026-02-13 09:51:46
"My team & I have had several meetings per week and minimal issues. The audio and visual connections have been seamless. It's technology so the occasional glitch is to be expected. The only error that seems to be recurring is when screen sharing occurs and certain video files are played. Thus 4 stars. But, even comparatively to other platforms, we're satisfied.",BUG,0.86,2026-02-13 09:43:04
‡∂©‡∑ö‡∂ß ‡∂Ö‡∂©‡∑î‡∑Ä‡∑ô‡∂±‡∑ä ‡∂ö‡∑ê‡∂¥‡∑ô‡∂±‡∑ä‡∂± ‡∑Ñ‡∂Ø‡∂¥‡∂±‡∑ä ‡∑Ñ‡∑î‡∂≠‡∑ä‡∂≠‡∑ú,BUG,0.87,2026-02-13 09:30:22
very nice i can do my online classes,FEATURE,0.56,2026-02-13 09:26:27
good,BUG,0.74,2026-02-13 09:24:05
good app,BUG,0.7,2026-02-13 09:17:23
This is a good app.,BUG,0.7,2026-02-13 08:48:18
best app...üíõüí´,BUG,0.74,2026-02-13 08:44:09
excellent and very useful for teachers and students,BUG,0.6833333333333332,2026-02-13 08:32:06
this is very good and I think this is the right app for working,BUG,0.68,2026-02-13 08:15:11
Not that good as the host,BUG,0.72,2026-02-13 07:52:01
useless app doesn't works,BUG,0.865,2026-02-13 07:14:48
works well,BUG,0.91,2026-02-13 07:02:17
my app is not working,BUG,0.87,2026-02-13 06:52:42
"worst customer service, than any Government service anywhere in the world. Don't care attitude but reps will speak nicely(script), if you can get hold of them bypassing the strong AI assist. will send you marketing offers but if you try to accept, you will be told that it is not for you. This organization pretends as if they are supporting NGOs. it's partially true but has not grown to the level of understanding micro level charities who do unselfish service all over the world.",BUG,0.9,2026-02-13 05:49:10
best place to have meeting online,BUG,0.68,2026-02-13 05:31:21
"It was a waste of time. I attempted to join the team call but experienced technical issues. Overall, it was not a good experience. I believe Google Meet works better..",BUG,0.585,2026-02-13 05:10:27
Great resource. very helpful,BUG,0.61,2026-02-13 04:57:23
Is so useful and good,BUG,0.6466666666666666,2026-02-13 04:00:24
excellent,BUG,0.77,2026-02-13 02:37:45
parent control still lets me use the Zoom Workplace but I have to sign in,BUG,0.71,2026-02-13 02:07:28
üòÉüòÉ,BUG,0.87,2026-02-13 01:56:56
Excellent,BUG,0.77,2026-02-13 01:40:01
I love video call,BUG,0.78,2026-02-13 00:31:58
good,BUG,0.74,2026-02-13 00:06:51
bahut accha app hai ye,BUG,0.84,2026-02-13 00:00:33
excellent app easy to use,BUG,0.59,2026-02-12 23:49:22
on charging mobile volume goes to very low on speaker,BUG,0.87,2026-02-12 23:41:58
"this is so annoying, it always lags and when i try to update it it just uninstall by itself bruh fix this sheesh",BUG,0.86,2026-02-12 23:34:36
excellent üëç Audio and video both are clear.Happy with the App.,BUG,0.63,2026-02-12 23:17:26
good,BUG,0.74,2026-02-12 23:17:25
Best meeting professional,BUG,0.77,2026-02-12 22:47:42
my video not open,BUG,0.83,2026-02-12 22:20:53
super pa,BUG,0.86,2026-02-12 22:11:26
Good,BUG,0.74,2026-02-12 21:49:16
why does my recurring meeting list disappear?,BUG,0.49,2026-02-12 21:24:16
GOOD!!!,BUG,0.74,2026-02-12 21:18:11
recurring meeting list use to be there upon opening the app. it's gone now.. and no where to be found.,BUG,0.49,2026-02-12 20:37:27
"Zoom has been such a reliable and easy-to-use app for meetings and staying connected. The video and audio quality are great, and I love how simple it is to join or host a meeting. It makes virtual gatherings smooth and stress-free every time! üíª‚ú®‚≠êÔ∏è‚≠êÔ∏è‚≠êÔ∏è‚≠êÔ∏è‚≠êÔ∏è",BUG,0.69,2026-02-12 20:04:29
super,BUG,0.86,2026-02-12 19:36:13
so far I have only used the platform for conversation. but it is great tool for my Bible study thanks,BUG,0.7,2026-02-12 19:09:51
very good,BUG,0.74,2026-02-12 18:40:18
works well,BUG,0.91,2026-02-12 18:28:32
very good,BUG,0.74,2026-02-12 16:45:14
"The latest Zoom update broke landscape on Android tablets. Tablet stays sideways, but Zoom locks portrait ‚Äî completely unusable for meetings. Tried everything: auto-rotate, cache clear, reinstall, rotation apps. Hours wasted. Please test updates properly before release.",BUG,0.65,2026-02-12 15:46:38
ew,BUG,0.87,2026-02-12 14:34:19
"great app, good and clear videos",BUG,0.6,2026-02-12 13:13:32
good,BUG,0.74,2026-02-12 13:02:19
not connecting to my Bluetooth,BUG,0.72,2026-02-12 12:16:09
"Chats and Participants list not working, there seems to be a bug in android version",BUG,0.49,2026-02-12 12:09:44
good and quality,BUG,0.66,2026-02-12 12:04:02
Thank you because of the this zoom app I can attend my important meeting,BUG,0.81,2026-02-12 12:03:39
this app keeps telling me to restore even after restoring countless times,BUG,0.82,2026-02-12 10:54:13
üëçüëçüëç,BUG,0.87,2026-02-12 10:40:59
best,BUG,0.77,2026-02-12 10:37:12
new for business,BUG,0.74,2026-02-12 10:07:53
i cant use it with cellular data. it tired me a lot... please fix it,BUG,0.98,2026-02-12 09:56:36
not downloading for my phone please help me,BUG,0.79,2026-02-12 09:42:23
best,BUG,0.77,2026-02-12 09:24:53
at first it was good but 3months later it wose the worst expireance first i could not on my video after that i couldnt on my mick and i missed my class,BUG,0.75,2026-02-12 09:23:06
What starts FREE should stay FREE,BUG,0.87,2026-02-12 09:18:05
good,BUG,0.74,2026-02-12 09:15:16
ok,BUG,0.87,2026-02-12 08:55:51
why is this app not working on my phone I have tried to download it but it kept saying can't install,BUG,0.8,2026-02-12 08:32:41
gampang,BUG,0.87,2026-02-12 07:17:07
This app is so good,BUG,0.7,2026-02-12 06:39:40
Thank you,BUG,0.84,2026-02-12 06:27:49
"I'm enjoying my zoom experience. I'm still learning how to get all my features working, like making my space not to be on top of others. I'm very small and don't have my own square. I can hear and speak fine though.",FEATURE,0.53,2026-02-12 06:23:06
it is good,BUG,0.74,2026-02-12 06:17:45
good,BUG,0.74,2026-02-12 04:49:48
good,BUG,0.74,2026-02-12 03:47:19
new Feb 2026 update is awful - takes much longer to alter date and time. huge leap backwards.,BUG,0.94,2026-02-12 03:30:38
too good,BUG,0.74,2026-02-12 03:13:10
I love this site. It is very easy to use and makes it very comfortable from home. Less stress. Thank you,BUG,0.68,2026-02-12 02:19:46
easy and convenient,BUG,0.73,2026-02-12 00:49:02
nice,FEATURE,0.49,2026-02-12 00:27:31
wonderful.e,BUG,0.85,2026-02-11 23:50:34
Discussions and presentation are clear.,BUG,0.86,2026-02-11 23:28:31
loved it from day one. thsnk you zoom,BUG,0.84,2026-02-11 23:08:43
I am thankful to Zoom for the ability to participate in our meetings.,BUG,0.55,2026-02-11 22:48:46
too good app,BUG,0.7,2026-02-11 22:33:35
its very true and good option our life üëç,FEATURE,0.57,2026-02-11 22:23:44
very good,BUG,0.74,2026-02-11 21:49:33
2026-can't type and keep video in webinar? even on Tablet? really? maybe work a little harder on the basics before all the hoopla? Disconcerting to lose the feed to be able to type a message. Tried to open meeting on another device and transfers from first so can't do that... if communicating while watching is beyond the scope of the app then what is the point? Fix this.,BUG,0.82,2026-02-11 21:32:46
it's good,BUG,0.74,2026-02-11 20:27:29
awesome platform to be on,BUG,0.84,2026-02-11 19:57:05
very good,BUG,0.74,2026-02-11 19:31:01
"ive been using this since the pandemic because I'm an online student, but suddenly my video cam is all blank it wont show my face. i try to uninstall it and download it again it stays like that. But in other apps my video cam works. please fix this",BUG,0.74,2026-02-11 19:10:50
isn't working at all,BUG,0.89,2026-02-11 19:09:39
Resourceful,BUG,0.87,2026-02-11 19:06:59
"I enjoy using this app, however, it used to allow a picture to show up if you weren't using the video portion, but now it's just blank",BUG,0.76,2026-02-11 18:54:07
I love using Zoom as it is extremely convenient for me to use,BUG,0.71,2026-02-11 16:56:02
"I believe I'm hooked up on the computer. I don't know for sure, but I'm definitely not hooked up on the phone and every time I try to do so, it wants another code. And zoom when I send me another code. Because I'm supposed to be a member. why is it so difficult to sign up Now that I broke the message, I don't see a way to send.",BUG,0.897,2026-02-11 15:52:36
good,BUG,0.74,2026-02-11 15:24:37
"I really didn't need to download zoom at all for the meeting that I needed to attend all I needed to do was click on the link I was sent in my email, I'm not very tech savvy ,& I've learned from this experience R,Parker",BUG,0.5466666666666666,2026-02-11 15:08:36
"Meetings sort of work? buttons just stop working entirely, often times I can't switch my output. Got stuck not being able to leave a meeting today.",BUG,0.93,2026-02-11 13:21:07
good very good üíØ,BUG,0.74,2026-02-11 12:27:20
suspicious links,BUG,0.87,2026-02-11 12:02:03
"This app is better and easy to use but I have an idea in order to work well, on phone notification when you drop down at the notification center you can put Micro&video to turn it on without back through the application. it can be easy for user to use",BUG,0.64,2026-02-11 11:38:11
super,BUG,0.86,2026-02-11 11:30:16
"Previously: Needing update prevents my phone from joining meetings that I never had a problem with before UPDATE: Brand new phone, original sound no longer supported? Screen share unavailable? Can't get sound on a screencast? Maybe I should have given the previous review two stars, because this is worse. Only thing can I use this for now is to check on a meeting to see if I need to hurry to my laptop.",BUG,0.81,2026-02-11 11:28:55
nice app,BUG,0.49,2026-02-11 11:27:53
good,BUG,0.74,2026-02-11 11:14:58
"Zoom was the lifesaver of the pandemic, but whatever update they made has disabled my ability to use original sound for musicians. And my friend with an older phone lost his ability to use the app entirely. Mr. Rogers used to say, ""Don't fix it if it ain't broke."" This is why he said that. You've completely ruined the ability of families to see live recitals and performances.",BUG,0.68,2026-02-11 11:00:03
This app is 168mbs I have 1.5 gb free space and it keeps on telling me I don't have enough space üò°,BUG,0.96,2026-02-11 10:54:01
good,BUG,0.74,2026-02-11 10:48:06
üëç üëå,BUG,0.87,2026-02-11 10:38:40
Very good,BUG,0.74,2026-02-11 10:36:55
very good app in the study children's and official meeting,BUG,0.69,2026-02-11 10:33:17
Excellent,BUG,0.77,2026-02-11 10:09:26
Good,BUG,0.74,2026-02-11 10:02:39
Paying for zoom. All meetings disappeared. Virtual assistant is useless. Just wasted an hour of my time and still have no meeting IDs to send of my 100 saved meetings. So frustrated. Googling shows it may have merged with calendar but I can't undo it.,BUG,0.83,2026-02-11 09:57:19
awesome,BUG,0.84,2026-02-11 09:51:50
v.good,BUG,0.74,2026-02-11 09:41:04
"Every time I am attending my online class, 3 to 4 times during class zoom gets closed and says it stopped and I miss important lectures like this. So disappointed",BUG,0.74,2026-02-11 08:49:01
it's better for international connection üòâ,BUG,0.7083333333333335,2026-02-11 08:19:01
Everything is fine but plzz fix like in insta if we open the chat then video goes up plzz propose this,BUG,0.64,2026-02-11 08:15:49
can't open a single link,BUG,0.9,2026-02-11 08:07:58
good,BUG,0.74,2026-02-11 07:55:42
Wonderful teaching with Zoom thank you zoom,BUG,0.82,2026-02-11 07:46:46
is not working on my phone,BUG,0.77,2026-02-11 07:44:25
nice pic of my friends,FEATURE,0.52,2026-02-11 07:04:46
doesn't say why the can't work properly on my device just a message that it may stop working,BUG,0.84,2026-02-11 06:23:13
good,BUG,0.74,2026-02-11 04:53:15
it's not fast download. It's very poor .,BUG,0.82,2026-02-11 03:59:40
good,BUG,0.74,2026-02-11 03:55:02
"Absolutely love this app during lockdown. Well done to the author(s), developers etc, etc. Brilliant way to communicate with friends and family worldwide. Thank you As above...5/6/2020...ditto 26/6/2020 & 2022 tis now Feb w026 and still enjoying Zoom..ots so convenient when one can't be at the meetings physically.",BUG,0.86,2026-02-11 02:47:49
i don't like it,BUG,0.5,2026-02-11 02:22:46
poor,BUG,0.89,2026-02-11 01:50:24
good,BUG,0.74,2026-02-11 01:19:16
can't work from home without it,BUG,0.86,2026-02-11 01:01:42
good a paaae to the,BUG,0.74,2026-02-11 00:45:23
it's amazing app,BUG,0.84,2026-02-10 23:17:32
best,BUG,0.77,2026-02-10 22:47:08
zoom is always clear and I can access my meetings quickly. There are never glitches and the pictures are but loud and clear. Just want to know how I can create a background during my Zoom call!,BUG,0.75,2026-02-10 21:22:58
es muy buena gracias,BUG,0.87,2026-02-10 20:59:14
Most useful app in this era,BUG,0.7266666666666666,2026-02-10 20:56:06
very good,BUG,0.74,2026-02-10 20:55:33
no longer works. can not upgrade,BUG,0.81,2026-02-10 19:41:34
superb,BUG,0.87,2026-02-10 19:35:21
clear video and audio,BUG,0.76,2026-02-10 19:31:44
‡Æú‡ØÇ‡ÆÆ‡Øç ‡Æí‡Æ∞‡Øç‡Æï‡Øç ‡Æ™‡Øá‡Æö‡Æø‡Æï‡Øç ‡ÆÆ‡Æ©‡ÆÆ‡Ææ‡Æ∞‡Øç‡Æ®‡Øç‡Æ§ ‡Æ®‡Æ©‡Øç‡Æ±‡Æø‡ÆØ‡Øà ‡Æ§‡ØÜ‡Æ∞‡Æø‡Æµ‡Æø‡Æ§‡Øç‡Æ§‡ØÅ‡Æï‡Øç ‡Æï‡Øä‡Æ≥‡Øç‡Æï‡Æø‡Æ±‡Øá‡Æ©‡Øç ‡Æö‡Ææ‡Æ§‡Ææ‡Æ∞‡Æ£ ‡Æ§‡Æ©‡Æø ‡ÆÆ‡Æ©‡Æø‡Æ§‡Æ©‡ØÅ‡Æü‡Øà‡ÆØ ‡ÆÜ‡Æ¥‡Øç‡ÆÆ‡Æ©‡Æ§‡Øà ‡ÆÜ‡Æ∞‡Ææ‡ÆØ‡Øç‡Æ®‡Øç‡Æ§‡ØÅ ‡ÆÖ‡Æµ‡Æ∞‡Øç‡Æï‡Æ≥‡ØÅ‡Æï‡Øç‡Æï‡ØÅ ‡Æé‡Æ©‡Øç‡Æ© ‡Æ§‡Øá‡Æµ‡Øà ‡Æé‡Æ©‡Øç‡Æ™‡Æ§‡Øà ‡ÆÖ‡Æ±‡Æø‡Æ®‡Øç‡Æ§‡ØÅ ‡ÆÖ‡Æ§‡Æ±‡Øç‡Æï‡Ææ‡Æ© ‡Æµ‡Æ≤‡Æø‡Æï‡Æ≥‡Øà ‡Æï‡Ææ‡Æü‡Øç‡Æü‡ØÅ‡Æµ‡Æ§‡ØÅ ‡ÆÆ‡Æü‡Øç‡Æü‡ØÅ‡ÆÆ‡Æ≤‡Øç‡Æ≤‡Ææ‡ÆÆ‡Æ≤‡Øç ‡Æö‡ØÜ‡ÆØ‡Æ≤‡Øç‡ÆÆ‡ØÅ‡Æ±‡Øà ‡Æ™‡ÆØ‡Æø‡Æ±‡Øç‡Æö‡Æø ‡Æö‡ØÜ‡ÆØ‡Øç‡ÆØ ‡Æµ‡Øà‡Æ§‡Øç‡Æ§‡ØÅ ‡ÆÆ‡ØÅ‡Æ¥‡ØÅ ‡Æ™‡Æ≤‡Æ©‡Øà‡ÆØ‡ØÅ‡ÆÆ‡Øç ‡Æ™‡ØÜ‡Æ± ‡Æö‡ØÜ‡ÆØ‡Øç‡ÆØ‡ØÅ‡ÆÆ‡Øç ‡Æú‡ØÇ‡Æ©‡Øç ‡Æµ‡Øä‡Æ∞‡Øç‡Æï‡Øç ‡ÆÉ‡Æ™‡Øá‡Æ∏‡Øç ‡Æé‡Æ©‡Øç ‡ÆÆ‡Æ©‡ÆÆ‡Ææ‡Æ∞‡Øç‡Æ®‡Øç‡Æ§ ‡Æ®‡Æ©‡Øç‡Æ±‡Æø‡Æï‡Æ≥‡Øç,BUG,0.87,2026-02-10 19:30:58
zoom,BUG,0.87,2026-02-10 16:28:29
good app,BUG,0.7,2026-02-10 16:05:24
useful,BUG,0.7566666666666666,2026-02-10 15:37:02
baffles me how this terrible app has any usgae. basic things are a disaster. refuses to allow sign in. crashes and joins the lobby again!?? bluetooth is a mes.s such basic workflows broken.,BUG,0.85,2026-02-10 15:13:51
üòé,BUG,0.87,2026-02-10 14:55:13
the video call is not working,BUG,0.81,2026-02-10 14:16:41
good,BUG,0.74,2026-02-10 13:49:00
best,BUG,0.77,2026-02-10 13:25:51
"This application, is great for projects, planning and meeting expectations.",BUG,0.71,2026-02-10 13:23:37
Too lengthy but okay,BUG,0.87,2026-02-10 12:25:04
great,BUG,0.75,2026-02-10 12:17:48
üëç,BUG,0.87,2026-02-10 12:13:34
Good,BUG,0.74,2026-02-10 11:46:30
good meting app,BUG,0.7,2026-02-10 11:40:18
failure to load,BUG,0.9,2026-02-10 11:36:13
wender full app üëçüëç,BUG,0.84,2026-02-10 10:35:53
Good,BUG,0.74,2026-02-10 10:35:19
good,BUG,0.74,2026-02-10 10:31:49
it is very good form meeting very good thank you for making this app 500/500,BUG,0.7,2026-02-10 10:20:58
mojha ase gechhe bal ü§£ü§£,BUG,0.87,2026-02-10 10:18:24
best app,BUG,0.74,2026-02-10 10:00:21
good,BUG,0.74,2026-02-10 09:34:49
Good üëç,BUG,0.74,2026-02-10 09:27:04
if only I could get it to work,BUG,0.86,2026-02-10 09:26:28
while installing the zoom meet it is not suppoting,BUG,0.87,2026-02-10 09:14:28
Bist,BUG,0.87,2026-02-10 08:56:06
good app but it had a problem with the green screen background,BUG,0.75,2026-02-10 08:53:02
very bad does not opens camera and voice very bad app don't download,BUG,0.84,2026-02-10 08:22:48
Superb‚ù§Ô∏è,BUG,0.87,2026-02-10 08:21:31
good,BUG,0.74,2026-02-10 08:11:06
good,BUG,0.74,2026-02-10 07:50:42
worst experience ever Google meet is best üòç,BUG,0.62,2026-02-10 07:29:38
No verification code..,BUG,0.86,2026-02-10 07:16:08
great,BUG,0.75,2026-02-10 06:00:05
good,BUG,0.74,2026-02-10 05:29:28
"During online class era, Zoom became my second home. From awkward presentations to breakout room chaos, it handled everything smoothly. Screen sharing is clear, audio stable, and honestly‚Ä¶ it saved my academic life.",BUG,0.73,2026-02-10 04:55:55
Constantly crashing.,BUG,0.86,2026-02-10 04:53:23
goog,BUG,0.87,2026-02-10 04:27:57
"Zoom is a reliable video conferencing app for meetings, classes, and online events. The video and audio quality are usually clear and stable. It is easy to join meetings using a link, which is very convenient. Screen sharing and recording features are very useful for learning and work. Overall, it is simple and effective for communication. Highly recommended!",BUG,0.5216666666666666,2026-02-10 03:58:05
Zoom Chat notifications don't show up on my Garmin watch. Please fix.,BUG,0.87,2026-02-10 02:37:36
very very bad,BUG,0.82,2026-02-10 02:12:17
video caption nhi aa raha hai,BUG,0.79,2026-02-10 01:58:26
WORST EXPERIENCE. FACING HUGE TECHNICAL ISSUE. NO TECHNICAL SUPPORT IS THERE TO SOLVE THIS ISSUE üò°,BUG,0.79,2026-02-10 01:40:50
worst,BUG,0.87,2026-02-10 00:12:03
amezing,BUG,0.87,2026-02-10 00:08:09
"it's not install Android 8, kindly fix it.",BUG,0.86,2026-02-09 23:51:01
good,BUG,0.74,2026-02-09 23:16:10
great,BUG,0.75,2026-02-09 20:50:07
terrible install failed limes i missed a critical meeting. dud.,BUG,0.89,2026-02-09 20:43:42
great,BUG,0.75,2026-02-09 20:08:40
cool I had homework on it tho,BUG,0.82,2026-02-09 19:48:28
good,BUG,0.74,2026-02-09 19:26:24
fake,BUG,0.87,2026-02-09 19:00:25
yaar zoom bhai alarm ka facility dedeten to jyada Sahi hota,BUG,0.87,2026-02-09 18:04:13
Works great.,BUG,0.8,2026-02-09 17:27:31
how incompetent do you have to be when you earn millions doing nothing but can't make functionable software on new firmware?,BUG,0.64,2026-02-09 16:02:03
market üåπüíê,BUG,0.87,2026-02-09 13:05:33
I can't sign in cuz it kicks me out into a browser then doesn't redirect back into the app. what's the point of the app if I have to use my browser to sign in?? nothing redirects correctly.,BUG,0.58,2026-02-09 13:01:17
good üëç,BUG,0.74,2026-02-09 12:35:12
excelente,BUG,0.87,2026-02-09 11:50:45
"I can't get my application to open,",BUG,0.91,2026-02-09 11:44:08
Good,BUG,0.74,2026-02-09 11:38:08
good,BUG,0.74,2026-02-09 11:21:51
awesome,BUG,0.84,2026-02-09 11:13:28
NICE üòçüòçü•∞üòçüíñ‚ù§Ô∏è,FEATURE,0.49,2026-02-09 11:05:04
very good,BUG,0.74,2026-02-09 10:58:45
Thankful for the flexibility of ZOOM. I appreciate how the updates are timely.,BUG,0.72,2026-02-09 10:40:35
i hate it,BUG,0.72,2026-02-09 10:38:53
AOA I updated zoom few days back it's an excellent app over all But in this update I am facing a small issue that my connected time of class disappear while I am sharing some pdf to students in previous version connected time was always visible while sharing anything pic or pdf,BUG,0.78,2026-02-09 10:35:42
excellent experience üëè,BUG,0.75,2026-02-09 10:26:42
good app,BUG,0.7,2026-02-09 10:26:01
best,BUG,0.77,2026-02-09 09:53:30
good,BUG,0.74,2026-02-09 09:51:49
fantastic,BUG,0.74,2026-02-09 09:49:48
emazing experience,BUG,0.84,2026-02-09 09:43:55
satisfied very much,BUG,0.87,2026-02-09 08:23:54
help to each other to have a meeting,BUG,0.9,2026-02-09 08:20:45
good,BUG,0.74,2026-02-09 08:08:00
the zoom meeting all the quality is ok,BUG,0.76,2026-02-09 07:51:41
very soothing and secured to operate,BUG,0.87,2026-02-09 07:42:47
first time i will rate latter,BUG,0.91,2026-02-09 07:27:57
It is really useful thank you,BUG,0.6,2026-02-09 07:19:05
aap use ny kiye but bahut jald karenge use,BUG,0.65,2026-02-09 06:32:57
as earler i was able to use the musician and studio environment in my tablet now it's been disabled and it's an error like it won't support for zoom phone and tablet,BUG,0.63,2026-02-09 06:11:29
"not very enjoyable, couldn't open initially, then when it did, I couldn't share screen, doesn't open where slides are, so could not access my slides",BUG,0.83,2026-02-09 05:33:48
‚ô•Ô∏è really like this app,FEATURE,0.53,2026-02-09 04:18:29
excellent app,BUG,0.75,2026-02-09 03:23:42
great,BUG,0.75,2026-02-09 01:36:51
"Had to recently install for a telemedicine appointment, saved me a trip to kocal clinic. Not bad, it does what I need it for, but just a huge memory hog for my older phone. Otherwise, I'd have given this app 5 stars. Would be great if there was an authentic 'light' version of Zoom (as opposed to Workplace) for those of us who don't need all the bells and whistles, I need my doc to see I'm sick so I'm not about to use any of the filters lol",BUG,0.73,2026-02-09 01:35:18
nice,FEATURE,0.49,2026-02-09 01:32:11
good,BUG,0.74,2026-02-09 01:30:51
Excellent,BUG,0.77,2026-02-09 00:46:28
ok,BUG,0.87,2026-02-09 00:26:36
for start to make easy and Okay,FEATURE,0.46,2026-02-08 23:14:03
I am having a bad experience everytime I am joining a class...,BUG,0.75,2026-02-08 22:43:44
it's to much bed app,BUG,0.84,2026-02-08 22:30:49
very nice app,BUG,0.49,2026-02-08 22:24:05
not working,BUG,0.89,2026-02-08 21:46:20
"When I join a meeting, I see everyone but no one sees me. Everything is black.",BUG,0.91,2026-02-08 21:29:42
super,BUG,0.86,2026-02-08 21:09:42
love it,BUG,0.87,2026-02-08 20:56:35
it is good but lags often in my version . but I suggest it...,BUG,0.7,2026-02-08 20:52:16
"‚ÄãFeature Rich: From ""Touch Up My Appearance"" (a lifesaver on Monday mornings) to AI-generated meeting summaries, the toolset is massive. ‚ÄãIntegration: It plays nicely with almost everything‚ÄîGoogle Calendar, Slack, Outlook, and hundreds of third-party apps.",BUG,0.62,2026-02-08 20:37:50
Good app for meeting,BUG,0.7,2026-02-08 20:36:54
Super helpful,BUG,0.74,2026-02-08 19:34:49
useful,BUG,0.7566666666666666,2026-02-08 19:29:29
nice,FEATURE,0.49,2026-02-08 18:39:14
"> I am not satisfied with the new update. > The previous version was better, as it allowed microphone control while viewing the participants list. > This functionality is no longer available.",BUG,0.47,2026-02-08 16:15:52
it's so nice,FEATURE,0.49,2026-02-08 15:06:21
Im really loving that this app exists. I just wish it didn't drag as much.,FEATURE,0.5233333333333333,2026-02-08 14:58:17
every month it wants a restore,BUG,0.87,2026-02-08 13:25:10
it's super easy to use and well organized,BUG,0.69,2026-02-08 13:12:24
easy to use. makes meetings sweet,BUG,0.63,2026-02-08 13:06:43
"New update, it's horrible. you removed the closed caption, why? many presenters had it, now I can't see it. what a shame! horrible to see all comments from the chat coming up and popping up while on the phone becoming distracting as many people. Sound on a phone is extremely low. you remove the closed caption. when I'm on the phone, it's extremely hard to use it in every sense. i can't chat now with organizer if need to inform something, all the group needs to know? this app got worst.",BUG,0.49,2026-02-08 12:56:27
nice,FEATURE,0.49,2026-02-08 12:24:37
I have always had excellent experience,BUG,0.75,2026-02-08 12:08:22
good,BUG,0.74,2026-02-08 11:13:38
wonderful,BUG,0.85,2026-02-08 10:44:17
easy to use,BUG,0.56,2026-02-08 10:34:50
business work,BUG,0.86,2026-02-08 10:31:14
Good app,BUG,0.7,2026-02-08 10:30:53
Good,BUG,0.74,2026-02-08 10:12:53
super,BUG,0.86,2026-02-08 10:03:18
"Why did you move the Chat feature without telling anyone and leaving us in the dark to figure out how to get it back? I was in a chat with over 100 people today and we were all surprised by this, as was the host. Any ideas on a fix to get this back?",BUG,0.83,2026-02-08 09:40:30
happy,BUG,0.84,2026-02-08 09:38:13
not bad,BUG,0.82,2026-02-08 09:33:38
fine,BUG,0.94,2026-02-08 09:06:54
not good for sure,BUG,0.72,2026-02-08 09:00:30
This is a very good app. A lot of things are taught here. There are online classes here. This app is very good because there is a lot to learn here. A lot of things are taught about the hacking process.,BUG,0.6,2026-02-08 08:50:20
This Apps is good for Zoom and stayble connection .,BUG,0.69,2026-02-08 08:42:34
good,BUG,0.74,2026-02-08 08:40:29
it is not fast,BUG,0.79,2026-02-08 08:02:41
nice,FEATURE,0.49,2026-02-08 07:37:44
üëç,BUG,0.87,2026-02-08 07:25:03
"good sound,good app",BUG,0.66,2026-02-08 06:43:32
"I canceled the free trial and still got charged $159. I would not suggest using this service. And let's, you're serious about paying for it",BUG,0.64,2026-02-08 06:26:14
Good,BUG,0.74,2026-02-08 06:14:27
using headphones is not an option I guess? well thanks for nearly getting me fired üíÄ,FEATURE,0.5,2026-02-08 06:03:39
good,BUG,0.74,2026-02-08 05:39:31
no ads at all#!!!,BUG,0.71,2026-02-08 05:09:00
good App,BUG,0.7,2026-02-08 04:47:36
good app,BUG,0.7,2026-02-08 04:06:17
ok,BUG,0.87,2026-02-08 02:25:46
Good,BUG,0.74,2026-02-08 01:07:19
worst app ever used in my life...,BUG,0.82,2026-02-08 00:49:55
OK mam,BUG,0.87,2026-02-08 00:47:17
"Disappointed with this app. Login and sign-in don‚Äôt work at all, even after multiple attempts. Couldn‚Äôt join my meeting because of this issue. Completely useless when you need it urgently.",BUG,0.66,2026-02-08 00:44:11
I couldn't join the meeting,BUG,0.78,2026-02-08 00:33:03
it's very bad dose not exicute,BUG,0.82,2026-02-08 00:30:30
ok it fine,BUG,0.94,2026-02-08 00:04:39
good,BUG,0.74,2026-02-08 00:02:09
very good,BUG,0.74,2026-02-07 23:42:28
good app,BUG,0.7,2026-02-07 23:31:24
‡¶Ö‡¶®‡ßá‡¶ï ‡¶≠‡¶æ‡¶≤‡ßã ‡¶è‡¶ï‡¶ü‡¶æ app ‡¶Ü‡¶Æ‡¶ø ‡¶¨‡ßç‡¶Ø‡¶¨‡¶π‡¶æ‡¶∞ ‡¶ï‡¶∞‡¶õ‡¶ø ‡¶Ü‡¶™‡¶®‡¶æ‡¶∞ ‡¶ì ‡¶ï‡¶∞‡¶§‡ßá ‡¶™‡¶æ‡¶∞‡ßá‡¶® ‡¶Ö‡¶®‡ßá‡¶ï ‡¶Æ‡¶ú‡¶æ ‡¶™‡¶æ‡¶¨‡ßá‡¶® ‡¶ï‡¶•‡¶æ ‡¶¶‡¶ø‡¶ö‡ßç‡¶õ‡¶øü•∞ü•∞,BUG,0.84,2026-02-07 23:23:49
zoom is not supporting bluetooth connection many times and it's very irritating and frustrating,BUG,0.73,2026-02-07 22:51:57
EXCELLENT,BUG,0.77,2026-02-07 22:34:42
very good,BUG,0.74,2026-02-07 21:52:39
excellent trening sessions,BUG,0.77,2026-02-07 21:16:24
"Zoom is easy to use and good for online meetings or classes. Clear video and audio, and works well for staying connected anytime.",BUG,0.69,2026-02-07 20:44:41
very good,BUG,0.74,2026-02-07 19:48:37
good service,BUG,0.74,2026-02-07 19:26:52
"This\nIs the worst app i've ever seen in my life. i have never signed up for this.I have never used this because I don't have an account,.They say I can't cancel this so-called account.They keep drafting my bank account.Be careful, they keep taking money from me over and over and over again.And I don't allow to talk to you to fix this, but I'm really over it.There's no way to contact them.So I probably just keep taking my money again and again , and I wish I could rate this at zero",BUG,0.75,2026-02-07 16:53:33
Good job üëç,BUG,0.72,2026-02-07 16:38:17
excellent,BUG,0.77,2026-02-07 15:16:02
very poor experience. the devwlopers are trying to shake down money every way possible. disgusting.,BUG,0.68,2026-02-07 14:47:29
excellent service,BUG,0.76,2026-02-07 13:22:45
"wont download to my phone üò§ i deleted 6 other apps, it said i have enough room for the app but everytime i try , it wont download . zoom thinks i dont have enough storage üò°",BUG,0.88,2026-02-07 13:06:55
Great,BUG,0.75,2026-02-07 12:11:31
good,BUG,0.74,2026-02-07 11:21:54
great this ap,BUG,0.75,2026-02-07 10:47:32
"A reliable and convenient app for online communication, especially for education and business purposes.",BUG,0.74,2026-02-07 10:18:38
"Zoom Workplace is an outstanding all-in-one collaboration tool that combines industry-leading video stability with powerful AI features like automated meeting summaries. By integrating chat, calendar, and phone into one interface, it effectively centralizes teamwork and boosts productivity. It remains the most reliable and efficient choice for professional digital communication.",BUG,0.5,2026-02-07 10:10:22
good,BUG,0.74,2026-02-07 10:10:03
it is good,BUG,0.74,2026-02-07 10:02:17
It's not doing the thing we whant,BUG,0.87,2026-02-07 09:55:36
it's nice,FEATURE,0.49,2026-02-07 09:52:19
achcha,BUG,0.87,2026-02-07 09:41:07
worst app,BUG,0.84,2026-02-07 09:23:16
good,BUG,0.74,2026-02-07 09:20:28
good best üòä,BUG,0.63,2026-02-07 09:05:06
nice,FEATURE,0.49,2026-02-07 08:36:28
very nice üëç,FEATURE,0.49,2026-02-07 08:31:04
It was going good until i wasnt able to see the video on my phone when i went out of the app please fix this devs,BUG,0.81,2026-02-07 08:27:58
excellent,BUG,0.77,2026-02-07 08:25:53
very nice and helpful üíØ‚ò∫Ô∏è,FEATURE,0.58,2026-02-07 08:03:27
I like,FEATURE,0.51,2026-02-07 07:42:18
Absolutely hate the fact zoom has now been discontinued from older devices. I had to buy completely new devices to use zoom for my work.,BUG,0.83,2026-02-07 07:19:05
üëç,BUG,0.87,2026-02-07 06:57:14
zoom app not install,BUG,0.82,2026-02-07 06:56:52
full power,BUG,0.86,2026-02-07 06:42:33
"Before now, I would have ratted it a 6. But after I updated my zoom I can't make use of the whiteboard features. I can't even find it, it just disappeared.. That's so uncoil",FEATURE,0.49,2026-02-07 05:56:49
You can contact people,BUG,0.56,2026-02-07 05:47:28
"It completely drains the battery,EVEN WHEN IT IS ON CHARGE!!!!",BUG,0.59,2026-02-07 05:18:03
"Does not install in this device, tells install in my other devices only",BUG,0.8,2026-02-07 05:02:01
Difficult,BUG,0.87,2026-02-07 04:50:09
very interesting,BUG,0.87,2026-02-07 02:13:05
I cant open with my own personal account,BUG,0.9,2026-02-07 02:03:05
goodüíØüëç,BUG,0.74,2026-02-07 01:59:00
good and clearence talk,BUG,0.74,2026-02-07 00:34:07
nice picture and videos,FEATURE,0.49,2026-02-07 00:14:25
üëåüëå,BUG,0.87,2026-02-07 00:11:40
I like it,FEATURE,0.51,2026-02-06 23:54:23
excellent.,BUG,0.77,2026-02-06 22:48:45
"Bro, this is so irritating. You get ONE free meeting with LIMITED time if you have the free Zoom and can't get more unless you upgrade your membership. Me and my friend were talking, and the Zoom abruptly ended. I don't recommend using this if you don't want to pay for a membership or if you need to have a long discussion.",BUG,0.82,2026-02-06 22:46:29
exillance work,BUG,0.86,2026-02-06 22:39:35
good,BUG,0.74,2026-02-06 22:18:12
"very important place, especially for organize our meeting.",BUG,0.86,2026-02-06 21:04:52
good responding,BUG,0.74,2026-02-06 21:01:09
not letting me sign in keeps says ' sorry you cannot sign in at this time',BUG,0.93,2026-02-06 20:54:39
excellent,BUG,0.77,2026-02-06 20:51:36
"Ya know honestly the service was great while my business had a chance to use it. The unexpected termination of my account with no explanation other than some generic BS you came up with is reason enough for me to never use, recommend or ever acknowledge the existence of your product again. Zero customer service, zero recourse to get you to make it right. I would never trust your business again with my money or my business.",BUG,0.78,2026-02-06 20:44:43
super,BUG,0.86,2026-02-06 20:42:55
my connection to the on going meeting gets disconnected.,BUG,0.91,2026-02-06 19:46:24
no virtual background changes for mobile. (google meet can),BUG,0.67,2026-02-06 19:38:51
Zoom SUCKS Uninstalling it,BUG,0.69,2026-02-06 18:06:34
required to download if on mobile browser. so you have to install and then uninstall the stupid app every time you have to use it for an appointment. garbage.,BUG,0.82,2026-02-06 16:36:07
‚ù§Ô∏èüíï,BUG,0.87,2026-02-06 15:58:19
calendar integration does not sync with website settings.,BUG,0.74,2026-02-06 15:47:51
"it takes time to join the meeting, it's not the same as previous version",BUG,0.84,2026-02-06 15:21:34
"it's a very great app, I love it",BUG,0.68,2026-02-06 13:42:49
excellent üëå,BUG,0.77,2026-02-06 13:01:41
Nice experience.,FEATURE,0.49,2026-02-06 12:51:53
THIS is also good for people so don't worry about using it smoothly,BUG,0.61,2026-02-06 12:35:31
nice app,BUG,0.49,2026-02-06 12:30:32
this device is not downloading in my mobile‚òπÔ∏è,BUG,0.76,2026-02-06 11:50:31
Good,BUG,0.74,2026-02-06 11:37:10
"the option to change the audio output to speaker is gone which is the only way I ever use this app. I tried to submit a bug report for the issue, but the bug report doesn't work, either.",BUG,0.83,2026-02-06 11:25:08
it was good,BUG,0.74,2026-02-06 11:10:38
price control krte h sale ...bekar aap h loss m hi rhoge isko install mt krna na hi ismey trading krna,BUG,0.67,2026-02-06 10:40:45
Good,BUG,0.74,2026-02-06 10:26:34
very good app but it takes more time to download,BUG,0.66,2026-02-06 10:02:54
good,BUG,0.74,2026-02-06 09:49:48
good app,BUG,0.7,2026-02-06 09:48:48
"Very good application. It is very helpful for organizing online education class rooms, meetings, and other virtual get togetherness. Can easily switch to pcs and laptops and mobile. A lot of Improvement seen for the last 3 years.",BUG,0.6416666666666667,2026-02-06 09:38:36
very helpful to have a meeting,BUG,0.75,2026-02-06 09:24:19
good service,BUG,0.74,2026-02-06 09:19:49
this app is really usefil but this isn't work for a novice user,BUG,0.7266666666666667,2026-02-06 09:08:18
when I put my birth year it doesn't work like it's so annoying,BUG,0.55,2026-02-06 09:06:21
very good,BUG,0.74,2026-02-06 09:05:10
good üòéüòé,BUG,0.74,2026-02-06 08:50:11
thank you üôè,BUG,0.84,2026-02-06 08:40:47
Good,BUG,0.74,2026-02-06 08:17:46
sometimes it works others not so much...,BUG,0.91,2026-02-06 07:58:01
good,BUG,0.74,2026-02-06 07:48:58
zoom has made a phenominal tranformation in our work place. so easy to operate and get linked to our clients and subscribers.,BUG,0.85,2026-02-06 06:51:12
not able to download,BUG,0.86,2026-02-06 06:48:41
best,BUG,0.77,2026-02-06 06:31:49
"‡¶ó‡ßÅ‡¶°, ‡¶¨‡¶æ‡¶ü ‡¶Ü‡¶Æ‡¶æ‡¶∞ ‡¶Æ‡ßã‡¶¨‡¶æ‡¶á‡¶≤‡ßá ‡¶á‡¶®‡ßç‡¶∏‡¶ü‡¶≤ ‡¶π‡¶ö‡ßç‡¶õ‡ßá ‡¶®‡¶æ‡•§",BUG,0.87,2026-02-06 05:52:52
Cant use headphones. Goes straight to speaker. Settings just come up blank. Phone screamed over all the office. Awful experience,BUG,0.81,2026-02-06 03:38:41
Good,BUG,0.74,2026-02-06 03:23:07
convenient for class,BUG,0.87,2026-02-06 02:59:29
it is not working during important meetings please don't use this app for any meetings which are important,BUG,0.9,2026-02-06 02:33:48
excellent,BUG,0.77,2026-02-06 02:29:49
"it overheated my phone twice, 30 mins apart. I sprayed alcohol onto it, just to cool it down.",BUG,0.77,2026-02-06 01:44:48
good,BUG,0.74,2026-02-06 01:44:06
I'm interested,BUG,0.87,2026-02-06 00:48:43
"good platform, nice for a bigger meeting but must pay after one hour.",FEATURE,0.55,2026-02-06 00:37:24
it's not taking my phone number or my email id my email ID and phone number is correct but then also it's not taking very poor service,BUG,0.72,2026-02-06 00:22:47
This app was working great untill some Idiot decided that if I do not allow it to use up my storage then it keep shutting down ...OK CHINA ZOOM ANSWER ME AFTER I ACCEPT ALL YOUR INTRUSIVE DEMANDS YOU STILL KEEP LOCKING DOWN THE APP every time the Host open for all to speak WHAT MORE DO YOU WANT with your two different audio setting TIAD A YUH,BUG,0.805,2026-02-06 00:20:31
"It's okay, thants a lot.",BUG,0.88,2026-02-05 23:52:12
not installed in my mobile please solve my problem please,BUG,0.7,2026-02-05 23:40:03
why is the size of this app so big,BUG,0.54,2026-02-05 23:10:58
nice meeting app,BUG,0.49,2026-02-05 22:38:39
wow,BUG,0.87,2026-02-05 22:38:35
super duper best apps,BUG,0.7,2026-02-05 22:12:01
excellent,BUG,0.77,2026-02-05 21:53:29
nice,FEATURE,0.49,2026-02-05 21:30:00
I am interested,BUG,0.87,2026-02-05 20:10:48
‡ÆÆ‡Æø‡Æï‡Æ®‡Æ©‡Øç‡Æ±‡ØÅ,BUG,0.87,2026-02-05 20:03:29
"have problems with sound, don't connect my speakers ,before good connection.",BUG,0.68,2026-02-05 19:59:42
download nahi ho raha,BUG,0.86,2026-02-05 19:05:42
very good,BUG,0.74,2026-02-05 18:20:47
great for an important meetings,BUG,0.75,2026-02-05 17:47:59
"Zoom so cool, glad I can use it without showing my face, lol",BUG,0.86,2026-02-05 17:07:02
so far don't need,BUG,0.74,2026-02-05 14:38:16
Great,BUG,0.75,2026-02-05 13:30:12
Super easy-to-use. I have been using zoom for years.,BUG,0.63,2026-02-05 13:07:36
Zoom Workplace is the absolute best‚ù£Ô∏è,BUG,0.77,2026-02-05 12:19:08
useful üëçüòÉ,BUG,0.7566666666666666,2026-02-05 10:29:59
it was great üëç,BUG,0.75,2026-02-05 09:58:42
Excellent,BUG,0.77,2026-02-05 09:58:15
niceüòç,FEATURE,0.49,2026-02-05 09:41:40
good apps,BUG,0.68,2026-02-05 09:39:48
perfectly working fine,BUG,0.91,2026-02-05 09:39:35
this app was very use fulll,BUG,0.66,2026-02-05 09:39:18
good,BUG,0.74,2026-02-05 08:46:54
very poor pathetic,BUG,0.89,2026-02-05 08:39:48
"t·ªá, kh√¥ng s·ª≠ d·ª•ng ƒë∆∞·ª£c",BUG,0.87,2026-02-05 07:45:26
best app for students for classes,BUG,0.72,2026-02-05 07:44:49
good service,BUG,0.74,2026-02-05 07:25:34
very helpfull,BUG,0.87,2026-02-05 07:23:04
‡¶≠‡¶æ‡¶≤‡ßã,BUG,0.87,2026-02-05 07:15:10
good,BUG,0.74,2026-02-05 07:00:14
easy to useüëåüèª Thankyou,BUG,0.56,2026-02-05 06:58:29
Zoom is quite userfriendly,BUG,0.77,2026-02-05 05:38:31
The best product ü§ùü§ù,BUG,0.78,2026-02-05 05:27:34
very bad,BUG,0.82,2026-02-05 05:23:17
nice,FEATURE,0.49,2026-02-05 05:02:42
Quite good app everyone must use,BUG,0.57,2026-02-05 04:26:36
working well no problems so far,BUG,0.84,2026-02-05 03:32:45
wonderful apps,BUG,0.79,2026-02-05 02:29:01
good üíØ,BUG,0.74,2026-02-05 02:24:27
I have best experience of my classes ...,BUG,0.74,2026-02-05 02:12:53
best app for Webinar,BUG,0.74,2026-02-05 01:48:49
"Login issue, I am not able to login in zoom via Google. it's very frustrating",BUG,0.73,2026-02-05 01:07:51
It's such a good app it helps kids do homeschooling talking to friends and sometimes even adults have it,BUG,0.7,2026-02-05 00:34:06
"Very hard to sign on, use from Samsung tablet",BUG,0.68,2026-02-04 23:18:23
gpod,BUG,0.87,2026-02-04 23:02:54
Awesome,BUG,0.84,2026-02-04 22:38:46
undoubtedly services o zoom has made people's life easy convenient in order to develop connectivity and do much more for business as well by sharing ur aspects,BUG,0.66,2026-02-04 21:55:18
okay,BUG,0.87,2026-02-04 21:46:40
nice,FEATURE,0.49,2026-02-04 21:28:10
good connection and very good quality. thanks,BUG,0.67,2026-02-04 21:20:27
Spyware data stealing app,BUG,0.84,2026-02-04 21:02:44
very nice n promise app lik it,BUG,0.49,2026-02-04 20:55:06
vary naice,BUG,0.87,2026-02-04 20:46:24
very nice,FEATURE,0.49,2026-02-04 20:41:28
"zoom settings completely changed, screen showing very small than previous version, host settings not visible properly than before,",BUG,0.66,2026-02-04 20:33:40
always a great,BUG,0.75,2026-02-04 18:32:55
I learned about Zoom during the pandemic. It was the platform used by my Religious organization for our meetings. I loved it so much that I now have my own zoom account and use it to keep in touch with family and friends.,BUG,0.89,2026-02-04 17:31:05
Good overall. Would love to be able to blur my background on a tablet though,BUG,0.56,2026-02-04 16:34:47
Good,BUG,0.74,2026-02-04 15:28:19
nice,FEATURE,0.49,2026-02-04 13:23:57
"This was so good but there's something you need to fix - the feature to ""stop incoming video"" no longer works. Even when I switch it on, the video of the host or presenters keeps playing. It used to halt it, showing a blank screen. Please fix",BUG,0.83,2026-02-04 13:14:28
I really thought that 63 this would be pretty hard for me to navigate. I'm having no problems jumping in and understanding all of it I get to my meetings and I accomplish my goals,FEATURE,0.48,2026-02-04 12:58:41
good,BUG,0.74,2026-02-04 11:57:40
Haven't seen it before today so ????,BUG,0.83,2026-02-04 11:32:34
i cant join some meeting Please see it,BUG,0.87,2026-02-04 11:26:19
nice to start with because I am not yet experienced,FEATURE,0.48,2026-02-04 11:17:24
"when updating there are new changes that are sometimes harder for us older ones to adjust to. yet, I'm grateful for the app. works good",BUG,0.855,2026-02-04 10:43:13
wow,BUG,0.87,2026-02-04 10:37:25
easy and perfect for group meetings,BUG,0.65,2026-02-04 10:36:41
üòÄ,BUG,0.87,2026-02-04 10:06:28
extremely happy üòä,BUG,0.82,2026-02-04 09:56:15
good,BUG,0.74,2026-02-04 09:31:08
good üòä,BUG,0.74,2026-02-04 09:13:32
"my earphones are not able to connect for audio output, there's a reason why i prefer g meet",BUG,0.83,2026-02-04 09:09:39
good,BUG,0.74,2026-02-04 08:58:07
good,BUG,0.74,2026-02-04 08:30:53
not bad not bad !!,BUG,0.82,2026-02-04 08:27:17
nice,FEATURE,0.49,2026-02-04 08:12:50
good experience,BUG,0.71,2026-02-04 08:01:41
very good but the proplem in ages.,BUG,0.73,2026-02-04 07:59:16
very bad,BUG,0.82,2026-02-04 07:54:38
üëç,BUG,0.87,2026-02-04 07:30:15
nice App,BUG,0.49,2026-02-04 06:47:47
useless,BUG,0.87,2026-02-04 06:30:05
Bary good,BUG,0.74,2026-02-04 06:22:33
ü§©ü§©,BUG,0.87,2026-02-04 06:15:04
very good,BUG,0.74,2026-02-04 05:37:39
I love the quality of the meeting,BUG,0.76,2026-02-04 05:21:49
good,BUG,0.74,2026-02-04 05:10:42
my first experience with zoom is my online class. it's helpful and I can zoom in and out to see any diagram that the sharer posts. it's an app I will always use..,BUG,0.71,2026-02-04 04:28:14
I can't chat on my zoom meetings it's annoying,BUG,0.71,2026-02-04 04:00:40
Very goooood,BUG,0.87,2026-02-04 02:25:43
ok,BUG,0.87,2026-02-04 02:21:32
good app,BUG,0.7,2026-02-04 02:19:51
"ini kurnag cocok, saya lebih mau google place",BUG,0.73,2026-02-04 02:09:36
low performance,BUG,0.78,2026-02-03 23:44:15
when we click the link app is not opening.,BUG,0.82,2026-02-03 23:42:00
good,BUG,0.74,2026-02-03 23:15:23
good,BUG,0.74,2026-02-03 23:13:34
This is a great app. I use this app everyday to join online classes‚Ä¶üëçü•∞,BUG,0.66,2026-02-03 23:03:56
excellent,BUG,0.77,2026-02-03 21:47:47
√öltima atualiza√ß√£o com problemas em celulares antigos. Favor corrigir.,BUG,0.87,2026-02-03 21:12:22
it was good! and it was easy too.,BUG,0.64,2026-02-03 21:10:46
nice,FEATURE,0.49,2026-02-03 20:52:31
good,BUG,0.74,2026-02-03 20:29:02
it is retarded. For some reason it thinks my tv is my phone. It even sent a verification from my tv to my phone yet somehow it can't tell they are different .,BUG,0.77,2026-02-03 20:26:24
Nice app for meeting with folks. Easy to use.,FEATURE,0.51,2026-02-03 20:10:29
audio is not on when I talk.,BUG,0.86,2026-02-03 19:32:26
says other apps are on when they are not. Will not pull up camera,BUG,0.81,2026-02-03 18:49:11
ok,BUG,0.87,2026-02-03 17:49:49
very nice,FEATURE,0.49,2026-02-03 16:46:55
Great platform!,BUG,0.75,2026-02-03 16:03:46
good,BUG,0.74,2026-02-03 15:37:06
answer button goes missing on fold phones. can't answer my business calls,FEATURE,0.57,2026-02-03 14:54:42
best platform meeting bahut achhi karta hai.,BUG,0.77,2026-02-03 14:02:53
not easy to access,BUG,0.7,2026-02-03 14:02:31
terrible!,BUG,0.82,2026-02-03 13:00:40
I couldn't figure it out.,BUG,0.78,2026-02-03 12:44:28
"When joining a meeting, audio is defaulted to on, but video is off. both should be off.",BUG,0.77,2026-02-03 12:34:21
good network,BUG,0.78,2026-02-03 12:03:04
üëç,BUG,0.87,2026-02-03 12:01:38
ye app mere phone mai kyu install ho rha plzz aap koi help kro na,BUG,0.77,2026-02-03 11:46:31
Zoom not working my camera not open it's Show black screen only,BUG,0.98,2026-02-03 11:24:22
It was a very good business meeting app,BUG,0.7,2026-02-03 11:15:18
good app,BUG,0.7,2026-02-03 11:01:26
too much time to download,BUG,0.91,2026-02-03 10:43:26
"Smoooth ya won't Post review if it's STARLESS or-0 üôÑTRIED TO DOWNLOAD, WAITED, LOOKED LIKE all went well installing: BUT when done & things stopped downloading: The Install Button was STILL THERE like I'd NEVER touched it: downloaded it AGAIN watching really close: SAME BLOOM'N THINGüò≥ we went ANOTHER way on the videocall: THANKS YA'LL: WE LEARNED OUR LESSON, BLESS you ALL PRECIOUS BELOVED 1'S Hoping ya get ALL the bugs OR glitchs outta itüïä‚úùÔ∏èüßéüèæ‚Äç‚ôÄÔ∏èüïéüôèüèºüôèüèºüôèüèºü´Çü´Çü´Çüíîü¶ãü¶ãü¶ãü¶ãü¶ã‚òïÔ∏èCheers‚òïÔ∏è",BUG,0.54,2026-02-03 10:07:40
can't download,BUG,0.88,2026-02-03 10:07:40
I am not able to install this app in my phone,BUG,0.7,2026-02-03 10:07:10
too irritating üòí it is not downloading and this app is telling first you delete all apps,BUG,0.81,2026-02-03 09:56:09
very bad experience,BUG,0.79,2026-02-03 09:56:01
‡§´‡•à‡§∏ ‡§ü‡•Ç ‡§´‡•à‡§∏ ‡§è‡§ï‡•ç‡§∏‡§™‡•Ä‡§∞‡§ø‡§Ø‡§Ç‡§∏‡•§,BUG,0.87,2026-02-03 09:45:10
super,BUG,0.86,2026-02-03 09:25:33
nice app,BUG,0.49,2026-02-03 09:21:03
nice,FEATURE,0.49,2026-02-03 09:18:50
"hi guys,i have a meeting that is very important to me.but i was downloading the app and It's quite good but it was so late like 20 minutes late and it was installing and say not enough space...now i am too late but the time of loading i think i need to know you, if you in a hurry i don't think it is a good app hey guys again i tried it doesn't work",BUG,0.7,2026-02-03 09:07:32
awesome üëå,BUG,0.84,2026-02-03 09:06:31
very Good app,BUG,0.7,2026-02-03 08:57:06
good,BUG,0.74,2026-02-03 08:52:43
nice,FEATURE,0.49,2026-02-03 08:48:14
"scam application and developers,don't waste time and uninstall asap",BUG,0.95,2026-02-03 08:41:17
ÿ≠ŸÑŸà,BUG,0.87,2026-02-03 08:33:52
does not respect users system settings. volume at zero it still sounds off.,BUG,0.79,2026-02-03 08:15:25
"It would be very helpful if Zoom adds a built-in on-screen timer showing how long the meeting has been running. This feature would improve time management, especially for online classes, exams, and professional meetings.",BUG,0.64,2026-02-03 08:10:13
very bad app,BUG,0.8,2026-02-03 08:08:10
good üôÇüôÇ,BUG,0.74,2026-02-03 07:41:50
"very nice üôÇüëç but cannot find the record meeting button in app, mobile or web",FEATURE,0.53,2026-02-03 07:39:33
‚úåÔ∏è,BUG,0.87,2026-02-03 07:36:48
most times when I join meetings I can't hear anything and after few minutes I am removed from the meeting,BUG,0.89,2026-02-03 07:14:07
best option in the zoommmm,FEATURE,0.63,2026-02-03 07:06:22
very good seat zooooooooom,BUG,0.74,2026-02-03 06:43:13
"Zoom is gold standard for video conferencing. Whether it's for a quick sync or a massive webinar, the connection is always stable and the audio/video quality is crystal clear. The breakout rooms and AI summaries have made my meetings so much more productive!",BUG,0.59,2026-02-03 06:15:25
will not open today !!???? is it me or zoom??,BUG,0.9,2026-02-03 06:07:42
meeting can be done without hazzel. saves time and effort,BUG,0.9,2026-02-03 05:36:12
UI is very boring please make liquid glass UI.,BUG,0.52,2026-02-03 05:34:36
neat,BUG,0.85,2026-02-03 03:13:03
Very very good,BUG,0.74,2026-02-03 02:25:53
"best, life saver",BUG,0.74,2026-02-03 02:23:50
the camera is not functioning,BUG,0.87,2026-02-03 02:07:06
Zoom makes online meetings simple and smooth. Good video quality and easy to join meetings. Very helpful app!,BUG,0.51,2026-02-03 01:58:43
very very bad. experience not able to connect in any device,BUG,0.66,2026-02-03 01:55:26
super,BUG,0.86,2026-02-03 01:38:41
good,BUG,0.74,2026-02-03 00:23:31
now no meeting reminders time?,BUG,0.9,2026-02-02 23:36:11
It Is Working Better And Improving,BUG,0.7233333333333334,2026-02-02 22:25:39
This app not installed in one more device,BUG,0.53,2026-02-02 22:01:43
Superb,BUG,0.87,2026-02-02 21:51:01
best app,BUG,0.74,2026-02-02 21:32:24
very good,BUG,0.74,2026-02-02 21:25:01
sometimes difficult operating different face screens,BUG,0.89,2026-02-02 20:17:49
good and üëç,BUG,0.74,2026-02-02 20:14:32
Love it. Convenient to use and it is so helpful to keep me in touch with people via video and audio.,BUG,0.67,2026-02-02 19:39:22
difficult time üò™ trying to restore to phone just missed my meeting.,BUG,0.78,2026-02-02 18:48:00
"I want a ringtone when someone entred in waiting room , only for first person who entred in waiting room",FEATURE,0.54,2026-02-02 17:12:08
"impossible to unsubscribe, dont give them any money",BUG,0.8,2026-02-02 16:08:55
best apps for meetings and. class,BUG,0.71,2026-02-02 13:45:14
"Today I've had nothing but trouble from Zoom. This app was already installed on my phone and first, for several episodes, Zoom wanted me to subscribe for a free 7 day trial or a longer one. It had my husband's email at the top, for some reason, would not allow me to use a different payment method and all the other payment methods were outdated. SEVERAL TIMES! Kept trying. Nothing worked. Then. I don't know how, Zoom recognized who I was, asked me for meeting info and would not accept li",BUG,0.79,2026-02-02 13:36:06
‚≠ê‚≠ê‚≠ê‚≠ê‚≠ê Great app! Very easy to use and runs smoothly. The features are helpful and the design is clean. Definitely recommended üëç,FEATURE,0.5,2026-02-02 12:50:53
I can't rate because the app cannot download on my itel A 56pro,BUG,0.84,2026-02-02 12:45:44
"complicated confusing, don't understand the value or point of zoom,very weird bad version of videochat, could use plenty of upgrades to make user friendly",BUG,0.79,2026-02-02 11:49:21
good,BUG,0.74,2026-02-02 11:13:44
very nice app for conference,BUG,0.49,2026-02-02 10:24:01
ecvillent services,BUG,0.87,2026-02-02 10:12:26
This has really made it very easy for our Online School business. Be blessed guys.,BUG,0.45666666666666667,2026-02-02 10:08:49
not good camera features from tablet it shows it 0.5 from zoom and suddenly I'm out of zoom,BUG,0.51,2026-02-02 10:08:24
very bad,BUG,0.82,2026-02-02 10:06:22
nice,FEATURE,0.49,2026-02-02 10:03:27
nice,FEATURE,0.49,2026-02-02 09:59:58
good app and video quality,BUG,0.54,2026-02-02 09:54:20
üëç,BUG,0.87,2026-02-02 09:54:06
unhappy üòñ,BUG,0.88,2026-02-02 09:40:40
tenx,BUG,0.87,2026-02-02 09:27:34
nice,FEATURE,0.49,2026-02-02 09:08:59
very very good app üíØ,BUG,0.7,2026-02-02 09:07:21
good,BUG,0.74,2026-02-02 08:57:43
best reward,BUG,0.77,2026-02-02 08:54:45
good app,BUG,0.7,2026-02-02 08:39:57
cant login in zoom,BUG,0.87,2026-02-02 08:32:00
camera will not work on this app.,BUG,0.8,2026-02-02 08:31:21
good experience with,BUG,0.71,2026-02-02 08:03:00
Best app for attending meeting,BUG,0.74,2026-02-02 07:43:02
too good,BUG,0.74,2026-02-02 07:30:25
super,BUG,0.86,2026-02-02 07:08:18
"Zoom is so helpful in our team, get communication very well. Thank you for the support of team.",BUG,0.62,2026-02-02 07:06:25
"Zoom is easy to use and very reliable. The video and audio quality are clear, and meetings run smoothly. It is great for online classes, meetings, and teamwork. Highly recommended.",BUG,0.65,2026-02-02 07:04:40
just garbage as hell . it keep asks to download zoom workspace while I have already installed . if I start from beginning .it will ask to download again,BUG,0.73,2026-02-02 06:23:31
Makes my life easier when to go for a meeting online,BUG,0.64,2026-02-02 05:44:04
Good,BUG,0.74,2026-02-02 03:56:10
whole class complete without any problem.,BUG,0.91,2026-02-02 03:32:26
nice woow super excited,FEATURE,0.5,2026-02-02 03:25:16
not installing on Android 8,BUG,0.72,2026-02-02 02:42:30
not good,BUG,0.74,2026-02-02 02:36:08
unable to install zoom apps. kindly check and updates,BUG,0.75,2026-02-02 02:07:32
super,BUG,0.86,2026-02-02 01:44:42
good üëçüëç,BUG,0.74,2026-02-02 01:40:18
for some reason it keeps giving me force close whenever i try to open any other files (mostly pdfs),BUG,0.95,2026-02-02 01:24:21
selalu susah untuk di install.,BUG,0.9,2026-02-02 00:30:32
unable to change the background. not getting any such option.,FEATURE,0.61,2026-02-01 23:48:49
"it was so interesting, can't wait for the next session.",BUG,0.74,2026-02-01 22:48:52
good,BUG,0.74,2026-02-01 22:35:42
can't change or blur my background,BUG,0.8,2026-02-01 22:30:19
worethless,BUG,0.87,2026-02-01 22:19:56
I'd really like to change my account membership but I am having to much trouble so I feel like I will need to cancel it 100$ if I cant figure it out. I've asked your Help section and they tried but its not working.,FEATURE,0.55,2026-02-01 21:29:31
Excellent,BUG,0.77,2026-02-01 21:10:01
my personal experience with zoom was so amazing and i love all the function i can enjoy in this apps.It give me so much easiness.,BUG,0.77,2026-02-01 21:06:00
Very good üíØ,BUG,0.74,2026-02-01 20:52:09
"why i can't use my camera during meetings, please help me with this problem.",BUG,0.69,2026-02-01 19:59:44
nice ui,FEATURE,0.54,2026-02-01 18:42:50
working as the way it is or good,BUG,0.59,2026-02-01 17:17:55
"I can log into zoom but then am forced into a page demanding educational business affiliations and no ability to bypass, as I am not a student, nor do I work for a school of any kind! there's no option for support, or an explanation as to why they need info that doesn't exist! The UI is trash!",FEATURE,0.47,2026-02-01 16:18:50
is amazing,BUG,0.87,2026-02-01 14:45:27
Very useful app - have been using this since the pandemic to meet up virtually when you can't meet in person.,FEATURE,0.47666666666666674,2026-02-01 14:34:43
camera not working...it's made me feel irritated..,BUG,0.83,2026-02-01 14:19:27
very clear and very user friendly,BUG,0.84,2026-02-01 14:05:13
not so good,BUG,0.74,2026-02-01 12:49:53
it's good,BUG,0.74,2026-02-01 12:46:23
Zoom is a reliable video conferencing app with clear audio and video quality. Easy to use for meetings and online classes. i give it 5 Stara,BUG,0.61,2026-02-01 12:40:05
good,BUG,0.74,2026-02-01 12:25:23
Bad Experience,BUG,0.79,2026-02-01 11:43:55
unable to join the webinar,BUG,0.87,2026-02-01 11:37:01
excellent,BUG,0.77,2026-02-01 11:16:43
problem not work cam for meeting,BUG,0.89,2026-02-01 07:33:02
I am just going to try it but I think it's going to be fun,BUG,0.77,2026-02-01 07:17:54
it is so good to use for classes and all . It is best üòÅ,BUG,0.62,2026-02-01 07:05:55
good üòä,BUG,0.74,2026-02-01 06:59:53
this is so helpful for me üôÇ and this is so easy to use even kids can use it too . when we use this app in the covid season we do online classes it feels like we went to school it is helpful for me to talk with my friends through this app more than being lazy at homeüè†at the covid season.this app helps people a lot it is so useful ü§óü§ó,FEATURE,0.5083333333333333,2026-02-01 06:59:15
super,BUG,0.86,2026-02-01 06:56:17
worst,BUG,0.87,2026-02-01 06:21:46
the camera isn't working,BUG,0.89,2026-02-01 05:51:22
It's not signing up,BUG,0.87,2026-02-01 05:40:30
good,BUG,0.74,2026-02-01 04:50:30
good,BUG,0.74,2026-02-01 04:02:21
Very useful for online meetings and classes. Clear video and audio.,BUG,0.6166666666666667,2026-02-01 03:33:57
Average,BUG,0.87,2026-02-01 02:59:35
good sometimes voice get disturbed,BUG,0.77,2026-02-01 01:49:10
excellent to study,BUG,0.77,2026-02-01 01:39:29
Great App for Video Conference,BUG,0.62,2026-02-01 01:26:17
good üòäüëç,BUG,0.74,2026-02-01 01:05:36
you should be able to zoom places,BUG,0.85,2026-02-01 01:04:00
good job,BUG,0.72,2026-02-01 00:52:56
ƒ∞ts not √∂p…ôn,BUG,0.87,2026-02-01 00:44:42
‡∂ú‡∑ú‡∂©‡∂ö‡∑ä ‡∑Ñ‡∑ú‡∂Ø‡∂∫‡∑í,BUG,0.87,2026-02-01 00:30:47
supar,BUG,0.87,2026-02-01 00:25:19
It destroyed my whole lockdown.,BUG,0.87,2026-01-31 23:55:11
not good the app did not make its subscription cost known upfront and there is no obvious way to cancell so i got hit for 18 bucks SHADY!!,BUG,0.48,2026-01-31 23:45:52
great app,BUG,0.67,2026-01-31 23:19:07
this is a good app,BUG,0.7,2026-01-31 22:19:21
ÿ®€Åÿ™ ÿ≤ÿ®ÿ±ÿØÿ≥ÿ™ ÿ®€Åÿ™ ÿß⁄Ü⁄æ€å ⁄©ŸàÿßŸÑŸπ€å ÿ¨ÿ≥ ÿ¨ÿ≥ ŸÜ€í ÿßÿ≥ÿ™ÿπŸÖÿßŸÑ ⁄©€åÿß €Å€í Ÿà€Å ÿ¨ÿßŸÜÿ™€í €Å€å⁄∫,BUG,0.87,2026-01-31 22:09:12
I cancelled my subscription and they rudely proceeded to take $230 from my card and wont issue my refund. basically scammed me.,BUG,0.88,2026-01-31 21:56:14
"please fix that when chatbox is opened, the control bar gets hidden.",BUG,0.76,2026-01-31 21:51:48
very good,BUG,0.74,2026-01-31 20:39:55
good,BUG,0.74,2026-01-31 19:59:10
always a great experience and zoom has thought of everyone's needs,BUG,0.41,2026-01-31 19:50:36
fantastic experience throughout this session of 72 minutes üëÜüëçüôè,BUG,0.72,2026-01-31 19:44:36
Great no interruption no cut offs,BUG,0.75,2026-01-31 17:44:39
IT IS GOOD,BUG,0.74,2026-01-31 17:22:57
"Sound keeps dropping when in a meeting. üëé Because of this, I miss important information. Please fix audio issues. there's no problem with any other apps regarding this. My internet is fine. It's only with Zoom.",BUG,0.9,2026-01-31 16:49:21
great,BUG,0.75,2026-01-31 15:25:52
very good,BUG,0.74,2026-01-31 14:15:05
very nice,FEATURE,0.49,2026-01-31 13:51:19
Nice,FEATURE,0.49,2026-01-31 13:39:59
this is good üëç,BUG,0.74,2026-01-31 13:07:07
It is bad,BUG,0.82,2026-01-31 12:32:03
good,BUG,0.74,2026-01-31 12:15:46
not good,BUG,0.74,2026-01-31 12:15:15
it was good I used zoom workplace for the past time,BUG,0.69,2026-01-31 12:01:55
üò•,BUG,0.87,2026-01-31 12:00:17
wow,BUG,0.87,2026-01-31 11:44:43
woeful apps,BUG,0.8,2026-01-31 11:41:52
"Useless, does not work. Cannot switch from link to app, screen goes black than force crashes all the time!",BUG,0.95,2026-01-31 11:41:41
nice,FEATURE,0.49,2026-01-31 11:24:33
I love zoom I use it 6 days a week,BUG,0.85,2026-01-31 11:16:22
Nice üëçüôÇ,FEATURE,0.49,2026-01-31 11:07:29
This is really awesome and powerful no hindrances,BUG,0.6666666666666665,2026-01-31 11:01:53
unable to on my camera,BUG,0.87,2026-01-31 10:47:40
"whenever I'd login or sign up after sometimes this app logout from zoom account . it's very worse updateor glitch whatever, fix this issue team, pleaseüôè",BUG,0.97,2026-01-31 10:44:44
"Great experience while using this app. I had been using this app for a long time, I never had any audio or video quality issues during this time.",BUG,0.55,2026-01-31 10:44:41
good for cllases,BUG,0.74,2026-01-31 10:43:23
Does not present 9 people squares like ios does... 2026 update still garbage on android. very disappointed,BUG,0.46,2026-01-31 10:21:18
Good,BUG,0.74,2026-01-31 09:18:55
excellent,BUG,0.77,2026-01-31 07:51:26
ok,BUG,0.87,2026-01-31 07:08:51
Helps me to be blessed. Thank you üôè,BUG,0.7,2026-01-31 07:07:44
excellent presentation and quality of video and sound,BUG,0.58,2026-01-31 06:22:52
Very good,BUG,0.74,2026-01-31 06:02:23
good amazing,BUG,0.74,2026-01-31 06:02:21
It was very nice it works perfectly.,FEATURE,0.48,2026-01-31 06:01:10
very nice app,BUG,0.49,2026-01-31 04:57:15
what a blessing,BUG,0.87,2026-01-31 04:08:08
good to useeüíùüíñ,BUG,0.74,2026-01-31 03:43:54
zoom is the best meeting appointment app .It makes things easier,BUG,0.64,2026-01-31 03:10:55
Great job üëç,BUG,0.71,2026-01-31 02:33:56
great,BUG,0.75,2026-01-31 01:54:17
good,BUG,0.74,2026-01-31 00:45:23
very good üëç,BUG,0.74,2026-01-31 00:30:48
nice,FEATURE,0.49,2026-01-30 23:18:12
"its overall performance is good for the meeting with the updated version. But the problem Im facing is that I couldn't sign in even with the verification code, if I enter the code its showing that the verification code is incorrect even if I enter the correct code because of this Im fed up ,so its worth giving 3 star only",BUG,0.79,2026-01-30 23:12:01
Zoom aplication is good meeting session,BUG,0.75,2026-01-30 23:08:02
this important app for me,BUG,0.84,2026-01-30 23:00:42
easy,BUG,0.73,2026-01-30 23:00:15
bad,BUG,0.82,2026-01-30 22:10:36
best,BUG,0.77,2026-01-30 21:51:13
ok,BUG,0.87,2026-01-30 19:59:09
some times the video is little later than the audio.,BUG,0.69,2026-01-30 19:32:08
decent been using it for years now and video is always good quality,BUG,0.48,2026-01-30 17:45:52
Till now had great experience with zoom app..voice clarity and video quality is good.,BUG,0.61,2026-01-30 16:14:57
slowest dwnld,BUG,0.87,2026-01-30 14:15:42
Doesn't connect,BUG,0.82,2026-01-30 13:55:51
gud,BUG,0.86,2026-01-30 13:08:05
not working,BUG,0.89,2026-01-30 12:24:18
very good üëç,BUG,0.74,2026-01-30 12:17:58
good app but can be glitchy,BUG,0.69,2026-01-30 12:00:04
Good and usefull..,BUG,0.74,2026-01-30 11:57:15
GOOD,BUG,0.74,2026-01-30 11:50:37
very Very good application for zoom,BUG,0.75,2026-01-30 11:31:54
"I love Zoom, but this app is the least stable app on my phone. If I make it all the way to the end of a meeting without Zoom crashing *at least* once, it's a good day! Sometimes when it crashes, there's a pop-up that vanishes in ~¬Ω second that says something about ""exited unexpectedly,"" but it's gone before I can see the rest of what it says. My phone is a Google Pixel 8, with the latest Android updates applied.",BUG,0.65,2026-01-30 11:29:37
Best,BUG,0.77,2026-01-30 11:04:49
good,BUG,0.74,2026-01-30 10:43:46
not now,BUG,0.87,2026-01-30 10:35:34
"Earphones does not connect to the app. Occurs on several devices, earphones will connect to the device but you cannot hear anything on Zoom. (sound permissions granted).",BUG,0.64,2026-01-30 10:14:44
◊§◊¶◊¶◊î,BUG,0.87,2026-01-30 10:13:42
I like it I think it's worth it üëå its nice I enjoy it. I get to meet others. I love it it's great.,FEATURE,0.66,2026-01-30 10:09:46
Amazing üòçüòçüòç work,BUG,0.86,2026-01-30 09:50:02
Good for live communication,BUG,0.74,2026-01-30 09:38:42
Good,BUG,0.74,2026-01-30 09:18:41
clear n perfect,BUG,0.79,2026-01-30 09:18:41
It's a gr8 app,BUG,0.84,2026-01-30 08:54:49
Excellent,BUG,0.77,2026-01-30 08:52:41
Excellent App,BUG,0.75,2026-01-30 08:18:52
zoom ok,BUG,0.87,2026-01-30 08:09:18
"Have been stuck at the sign-in page. Used the app on a device I haven't signed-in and every time I tried entering the OTP sent via email it always replied with ""verification code entered incorrect."" What's the deal? I've been using zoom for a while and only now did it bug out like that. 2 days and still same issue, doesn't accept the code in my email so I can't sign-in to my account. Very much a hassle, please fix this issue.",BUG,0.823,2026-01-30 07:59:19
background Change error ?,BUG,0.83,2026-01-30 07:48:38
I WANT FAST ENERGY BY IT IS A GREAT ZOOM I EVER HAD,BUG,0.52,2026-01-30 07:48:29
Best,BUG,0.77,2026-01-30 06:48:13
when it is deleted we cannot install it again,BUG,0.9,2026-01-30 06:44:11
it's good üëç,BUG,0.74,2026-01-30 06:34:47
"Zoom is reliable and easy to use for online meetings and classes. The video and audio quality are clear, even with large groups. Very convenient for remote communication.",BUG,0.61,2026-01-30 05:09:42
clear video,BUG,0.78,2026-01-30 04:47:27
"0 ratings, third class app. it made my meeting so bad hanging the entire laptop and doesn't even work on browsers. Worst app and made me rejected for the interview",BUG,0.855,2026-01-30 04:01:49
Very useful for attending meetings with clients . It can summarize meetings and no need to take notes . It is also easy to share screens with the client and participant .,BUG,0.5866666666666667,2026-01-30 03:56:32
"having my earphones then it only works on my phone speaker or the phone, no Bluetooth headset option for you to chose. very bad meeting apps. useless. wondering why so many likes to use it?",FEATURE,0.46,2026-01-30 03:45:21
good,BUG,0.74,2026-01-30 03:28:42
good üëçüíØ,BUG,0.74,2026-01-30 01:30:32
good,BUG,0.74,2026-01-30 00:21:33
very usefull,BUG,0.87,2026-01-30 00:09:36
even after clearing data it's not being downloaded,BUG,0.88,2026-01-30 00:07:20
very good,BUG,0.74,2026-01-29 23:22:02
excellent,BUG,0.77,2026-01-29 23:11:21
easy to use,BUG,0.56,2026-01-29 22:31:13
thanks for providing such fantastic facility ‚ù§Ô∏èüíØ,BUG,0.74,2026-01-29 22:20:32
helps me chat with my friends and stuff so supaaa useful,BUG,0.49666666666666665,2026-01-29 21:59:32
very nicely,BUG,0.86,2026-01-29 21:47:32
mind blowing app,BUG,0.85,2026-01-29 21:40:36
best,BUG,0.77,2026-01-29 21:33:21
this app has improved!,BUG,0.84,2026-01-29 21:02:44
I'm happy to get vip workshop,BUG,0.84,2026-01-29 20:57:25
I have been experiencing a ton of problems. I am unable to use zoom for about a month now.,BUG,0.84,2026-01-29 20:55:56
‚ÄúZoom is a reliable and easy-to-use app for online meetings and video conferencing.‚Äù,BUG,0.69,2026-01-29 20:32:10
good,BUG,0.74,2026-01-29 20:13:24
totally satisfied with the quality of the service.,BUG,0.76,2026-01-29 19:49:21
very good experience . bio b,BUG,0.71,2026-01-29 19:13:28
Great tool to have,BUG,0.75,2026-01-29 18:03:12
Doesn't connect reliably,BUG,0.82,2026-01-29 17:48:05
It's impressive how bad zoom has gotten. Incredibly unstable and UX had gone down a hole.,BUG,0.85,2026-01-29 15:25:27
Thank you. God bless! The Zoom app is working great!,BUG,0.67,2026-01-29 14:58:51
Bahut achha app hai ham apne pujy gurudew aachary prashantüôè ji se live jud paye üòòü•∞,BUG,0.84,2026-01-29 14:48:26
am in class and cant even respond in the chat bcuz it wont open just keep saying loafing and cuts off whie i am reading everyone else responding to sir fro their chats i feel so left out in class and embarrassed. worst ever,BUG,0.8,2026-01-29 14:42:21
Terrible,BUG,0.82,2026-01-29 14:40:25
is easily accessible,BUG,0.7916666666666665,2026-01-29 14:07:20
Told me to wait it will be soon. This is awful!!!!!.,BUG,0.71,2026-01-29 13:44:00
Best,BUG,0.77,2026-01-29 13:11:20
very good üëç,BUG,0.74,2026-01-29 13:00:53
why it is not download in my device please solve problem,BUG,0.8,2026-01-29 12:29:30
best platform üëç,BUG,0.77,2026-01-29 11:39:58
