content,predicted_label,confidence
Sir mera app open q n ho raha paise bhi log le liye q nahi ho raha koi btayega yaar m fash gayi,BUG,0.8
"Dear Zoom Team, I am a paid user and I have two requests. First, I would like ‚ÄúAnytime Meeting‚Äù to appear directly on the home screen instead of the Calendar view. Please provide an option to set it as the default home page. Second, the participant join/leave sound should remain permanently enabled by default, so I don‚Äôt need to turn it on every time. Thank you.",BUG,0.8
Excellent app,BUG,0.6
brilliant experience,BUG,1.0
works if the user knows what they're doing,BUG,0.8
very nice app,FEATURE,0.8
I can't download it,BUG,1.0
"can't join due to server issues, missed an important meeting",BUG,1.0
m. a way app kani,FEATURE,0.6
excellent,BUG,0.6
good results,BUG,1.0
this app is great,BUG,0.6
Fabulous ü§©,FEATURE,0.6
"It is difficult to find the options for background pictures, has different ways of doing the same thing in mobile and desktop that make it less streamlined.",BUG,0.6
very good reception to,BUG,0.6
disappointing. non friendly for older android version. now i dont even can download it after my phone got root. oh well now i cannot even do meeting with my mentor for college. its unfortunately. not everyone can buy new phone.,BUG,0.8
Thankyou so much,BUG,0.8
Great viewing.,BUG,0.6
helpful,FEATURE,0.8
can't coonect,BUG,0.8
can not remove AI companion to properly view meetings,BUG,1.0
very wonderful,BUG,0.6
Good apps,BUG,0.8
"this app is sweet, and beautiful to the meetings",BUG,0.8
it's amazing,BUG,0.6
it's a very good working app I really appreciate this app üëç üëç üôÇüôÇ,BUG,0.8
I recently purchased a paid version of Zoom. The app seems to have improved considerably.,BUG,1.0
Super ‚ô•Ô∏è‚ô•Ô∏è‚ô•Ô∏è,BUG,0.6
Good Job üëè,BUG,0.8
No customer support . Sound in. the screen. share down not work from mobile,BUG,0.6
good app,BUG,0.8
mast hai bhai log,BUG,1.0
fast joining no problem video is clear sound is good,BUG,0.8
nice,FEATURE,0.8
thank you,BUG,1.0
"Video and audio quality are usually stable, and features like screen sharing and recording are very helpful. The free version has time limits, but overall it‚Äôs a solid and convenient platform.",FEATURE,0.8
w zoom,BUG,0.6
ok,BUG,0.6
accha aap,BUG,0.6
"This app is very user-friendly and easy to navigate. So far, it runs smoothly without any issues. I‚Äôm really satisfied with the overall experience.",BUG,0.6
nice,FEATURE,0.8
good,BUG,0.6
very good app,BUG,0.8
This apps Zoom not just use by Computer or Laptop but can use using Hp .. It Support My android Phone .Thnks !,BUG,0.6
my office often use this apps to meeting online. very convinience apps to use for all generations,BUG,0.6
"Zoom calls are fine, I can chat and watch the video with ease. The problem is that the zoom calls are too loud. I tried listening to a meeting during work and I had to throw my headphones off. I put all my volumes down and it was still loud. I used an app that forces Android to lower its volume and the zoom call was still loud. I just excused myself from the meeting because I couldn't handle it. It was giving me a headache. Please fix this issue. Apparently it's been going on for a long time.",BUG,0.6
"Viel zu viele Fragen die an zu gehen sind, wie viele Anforderungen braucht es noch damit ein 70J√§hriger auch dabei sein kann, Zoom war einfacher und klarer an zu gehen vorher, ich kann auf meinem Handy nicht auch noch Microsoft 365 installieren, wenn mein Speicher danach wieder am Limit ist?",FEATURE,0.6
best,BUG,0.6
super,BUG,0.6
oosum aap,BUG,0.6
Cant connect to wireless audio,BUG,0.8
good to us...,BUG,0.6
good enough,BUG,0.6
"I want to download it but it says only for your other device üôÑ this is not fair you place it for all device. i have only one device its little old model but till i get some big income i will buy new one, till time i have to use this old versions mobile so please zoom team arrange your product for all device so anyone can use it and make something good in their life with your support",FEATURE,0.6
blur videos,FEATURE,0.6
"I‚Äôve been using Zoom for meetings and online discussions. The screen sharing feature works well, and the audio is clear even with many participants. Overall, it‚Äôs a convenient and practical platform for remote communication",BUG,0.6
very good app for use,BUG,0.8
user friendly,BUG,0.8
sometimes very bad,BUG,0.8
Overall good.,BUG,0.6
"I've been using Zoom for both personal and professional meetings, and it has consistently exceeded my expectations! The interface is user-friendly, making it easy to schedule and join meetings. The video and audio quality are top-notch, ensuring clear communication every time.",FEATURE,0.6
"Zoom is an effective platform for virtual communication. Its features, including screen sharing and breakout rooms, support productive discussions and collaboration. Nevertheless, further improvements in connection stability and user interface responsiveness would be beneficial.",FEATURE,0.8
"–∫–æ–≥–¥–∞ –≤–µ—Ä–Ω–∏—Ç–µ —Ç–∞–π–º–µ—Ä????((((((( –∞—Ö –¥–∞, —É –º–µ–Ω—è –Ω–∏–∫–æ–≥–¥–∞ –Ω–µ —Ä–∞–±–æ—Ç–∞–ª–∏ –±–µ—Å–ø—Ä–æ–≤–æ–¥–Ω—ã–µ –Ω–∞—É—à–Ω–∏–∫–∏ —Å –ø—Ä–∏–ª–æ–∂–µ–Ω–∏–µ–º üóøüëçüèª (–≤ –≤–µ–±-–≤–µ—Ä—Å–∏–∏ —Ä–∞–±–æ—Ç–∞—é—Ç)",BUG,0.8
This perfect app.,BUG,0.6
‡¶≠‡¶æ‡¶≤‡ßã,BUG,0.8
nice,FEATURE,0.8
sooooooo bad,BUG,0.8
It's very good app,BUG,0.8
noce,BUG,0.8
"too much data taking than other platforms, must work on that",BUG,0.6
working able app,BUG,1.0
continue double charging without permission. impossible to talk to anyone about it. Zoom is ripping you off.,BUG,0.8
good,BUG,0.6
good and great,BUG,0.6
how can i unsubscribe to the app and can i refund my purchase please,BUG,1.0
"Los controles son confusos, la interfaz no es para nada intuitiva, sino fuera porque la necesito para trabajar no la utilizar√≠a. Tienen suerte que los gringos todos sean unos dinosaurios que no conocen mejores aplicaciones √±",BUG,0.6
"disaster, I was force to install this by council, once my job is done will uninstall, hopefully will never be forced to use it again, 1 star is way to much but couldn't give 0",BUG,1.0
Good!,BUG,0.6
Zoom came in handy during covid for Stock Prices ü§∑üèæ‚Äç‚ôÄÔ∏è,BUG,0.6
great,BUG,0.6
Can't access Zoom meeting,FEATURE,0.6
my calender keeps getting disconnected every time I book a call. its super frustrating and making me look like an amateur,BUG,0.8
"I love the app, there just needs to be a way to go into an audio mode that allows you to play the sound on a Bluetooth speaker. it can be called Webinar Mode, Podcast mode, etc. But so far, my speaker won't play the sound because it thinks the audio is a phone call. I appreciate the respect of privacy in the speaker, so Zoom should allow variable types of audio output, including this method I am recommending.",FEATURE,0.8
make this compatible with older devices...ridiculous.,BUG,0.6
its good but visual background is something you need to work on. A LOT!!,FEATURE,0.6
good app to connect n communicate with people whom we can't reach personally,BUG,0.8
nice aap,FEATURE,0.6
excellent very clear,BUG,0.8
Good,BUG,0.6
nice üëç,FEATURE,0.8
Awesome experience‚ù§Ô∏è‚ù§Ô∏è,BUG,0.6
nice thanks,BUG,0.6
excellent service üëç,BUG,0.6
awesome,BUG,0.6
very good experience from my side,BUG,0.6
it is very helpful. it also help people communicate even if u r very far away,BUG,1.0
Great meeting app,BUG,0.6
very useful for meeting s .,FEATURE,0.6
great,BUG,0.6
ÿ®ŸäÿπŸÑŸÇ ÿ¨ÿØÿß ŸàÿßŸÜÿß ÿßÿµŸÑÿß ŸÑŸäŸá ÿ¥ÿßÿ≠ŸÜŸá ÿ®ÿßŸÇŸá ÿßŸÑŸÜÿ™,BUG,0.8
"It's telling me that it's not compatible with my device, I have a lot of meetings to do üòë üò°",BUG,0.8
Great experience,BUG,0.6
thanks for helping,BUG,0.8
it is a good app,BUG,0.8
good helped me to do online classes but sometimes was laggy and connection lost,BUG,0.6
Good.,BUG,0.6
good üëç,BUG,0.6
New app won't allow to copy the link on android! I can only delete the meeting or edit. Please add copy the link!,FEATURE,0.6
ÿßŸÑÿ®ÿ±ŸÜÿßŸÖÿ¨ ŸÅŸäŸá ŸÖÿ¥ŸÉŸÑŸá ÿ®ŸÉÿ™ÿ® ÿßŸÑŸÉŸàÿØ ÿµÿ≠ Ÿàÿ®Ÿäÿ¨Ÿä ÿßŸÜŸá ÿ∫ŸÑÿ∑,BUG,0.8
very nice,FEATURE,0.8
good,BUG,0.6
very good platform for meetings.,BUG,0.6
nice,FEATURE,0.8
good,BUG,0.6
clear and unimpeded,BUG,0.8
nice,FEATURE,0.8
jitsi is better and actually respects your privacy,FEATURE,0.8
awesome,BUG,0.6
best app ever seen,BUG,0.6
‚ù§Ô∏è,BUG,0.8
horrible app. wow.,BUG,0.8
excellent üëç,BUG,0.6
zoom meeting can't join error 104107,BUG,0.8
Apple pay,BUG,1.0
"glitchy, but that's zoom for ya",BUG,0.8
it sucks,BUG,1.0
Still excellent,BUG,0.6
crashes when trying to background app during a meeting,BUG,0.8
good,BUG,0.6
Excellent performance. It's the next best thing to being there.,BUG,0.6
goooooooood‚ù§Ô∏è‚ù§Ô∏è‚ù§Ô∏è‚ù§Ô∏è‚ù§Ô∏è,BUG,0.8
Caller ID for saved contacts doesn't show up when someone is calling me or SMS. I use this for business and I need to know who is calling me. Considering switching to another service because of this,FEATURE,0.6
it takes money to attend a class,BUG,0.6
Fantastic,FEATURE,0.6
zoom meeting best website,BUG,0.6
this app is really usefil but this isn't work for a novice user,BUG,1.0
good üëçüòä,BUG,0.6
awesome,BUG,0.6
"Used to be very efficient and fast. That's why Zoom got it's popularity. Now, bloated, slow, unoptimized and very painful to use app. Enshittification at it's best.",BUG,1.0
good,BUG,0.6
very much o.k,BUG,0.8
"Very good, always...",BUG,0.6
nice app,FEATURE,0.8
"please fix this one, make it easier to sign up or sign in. because it's always error",BUG,0.8
po da,BUG,0.8
Zoom to the rescue! Never fails.,BUG,0.8
good,BUG,0.6
The experience is flawless and great! Thanks!,BUG,0.8
tfu,BUG,0.8
it's not opening it keeps exiting by itself,BUG,1.0
amezing,BUG,0.8
Good one,BUG,0.6
Thank you sir,BUG,1.0
good üëç,BUG,0.6
good product Zoom Workplace,BUG,0.8
nice,FEATURE,0.8
I want this app not opening my phone,BUG,1.0
their is a camera issue on this.. I check on settings but the camera can view,BUG,0.8
help us,BUG,1.0
I don't like studies and this app runs online classes,BUG,0.6
v good,BUG,0.6
fantastic üëçüèΩüí•,FEATURE,0.6
so nice,FEATURE,0.8
super üëç,BUG,0.6
good apps,BUG,0.8
good,BUG,0.6
üëç,BUG,0.8
Fast and reliable communication,BUG,0.6
very effective communication platform,BUG,0.8
easy to use,BUG,0.8
Frequently shuts down. There is no way to send audio to a Bluetooth speaker using a Pixel 9 or a S25+. The sound is pitchy.,BUG,0.6
where is the virtual background option,FEATURE,0.6
now I am not finding DP added options,FEATURE,0.8
the camera is not working at all,BUG,1.0
competente,BUG,0.8
the network isnt stable,BUG,0.8
wonderful,BUG,0.6
great,BUG,0.6
don't know why it isn't compatible with my device üò≠,BUG,1.0
very well and good class is happened today,BUG,0.6
good app should be used for school and classes like Virtual schools,BUG,0.6
good,BUG,0.6
Bluetooth still does not work. baffles me how this terrible app has any usage. basic things are a disaster. refuses to allow sign in. crashes and joins the lobby again!?? bluetooth is a mess. such basic workflows broken.,FEATURE,0.6
‡§®‡§æ‡§à‡§∏,BUG,0.8
cannot turn on outgoing camera,FEATURE,0.8
OK,BUG,0.6
nice,FEATURE,0.8
good,BUG,0.6
Good,BUG,0.6
it's good,BUG,0.6
Very Nice,FEATURE,0.8
Love it. I use it all the time for meetings and recommend highly to others. I just don't give 5 stars because always room for improvement with any program.,BUG,1.0
no camera open and virus active on the mobile,BUG,0.8
very easy to use we have group meetings no interruptions clear pictures and clear sounds,BUG,0.6
good app i like this app but you can do more better,FEATURE,0.8
good,BUG,0.6
super,BUG,0.6
This app is very useful for my child to attend online classes,FEATURE,0.8
easy to communicate from a far,FEATURE,0.6
Good,BUG,0.6
nice App,FEATURE,0.8
thank you,BUG,1.0
zoom is not working without app installed this is not setesfide rate below - fraud app app installed carefully this app is data lick and no privacy policy,BUG,0.6
super,BUG,0.6
Good app,BUG,0.8
good,BUG,0.6
this is a very good app,BUG,0.8
great,BUG,0.6
Good app it is for any meating,BUG,0.8
good,BUG,0.6
No longer available for my phone version üò¢,BUG,1.0
the verification code doesn't work üòï,BUG,1.0
best,BUG,0.6
ad,BUG,0.8
happy üòÄ,BUG,0.8
Simple and easy to navigate. Thank you,BUG,0.6
very good app I love it,BUG,0.8
üëç,BUG,0.8
Nice and ultimate app,FEATURE,0.8
Good,BUG,0.6
The app is crashing every time I use it,BUG,1.0
üëç,BUG,0.8
tbh zoom app is very useful and the only thing i mostly hate is when the camera turn and even the mice when nobody on earth does it?ikyk this is really frustrating when it happens the other thing is I hate when somebody removes me from the meeting how silly method is it?we can't rejoin till they make a another link so yh.... I rate this app for 1 star for silly and my hatred+other 2stars for food other 2 never ever giving,FEATURE,0.6
"so much memory, i love it",BUG,1.0
I can't engage,BUG,0.8
I use Zoom twice a week. I have come to take it for granted. It is virtually flawless. The sound and video are always clear. No faltering or glitching.,BUG,0.8
love zoom very helpful,BUG,0.6
uses Ai,BUG,0.8
nice,FEATURE,0.8
Works great and it helps me have zooms with my therapist,BUG,0.8
bad,BUG,0.8
awful,BUG,0.8
good very good,BUG,0.6
fantastic,FEATURE,0.6
"Horrible company. They treat their customers like garbage. If you ever mistakenly forget to cancel auto-renew and these guys charge you, you will NOT get a refund even if you reach out to them on the same day of renewal.",FEATURE,0.6
"I sincerely luv the zoom app , it helps me to meet and become friends with people from all around the world üåé",FEATURE,0.6
"easy to assist,",BUG,0.6
Nice,FEATURE,0.8
I'm very happy üòäüòä love you üòòüòçüòçüòòüòç,BUG,0.8
This zoom tool is very good,BUG,0.6
Zoom sucks.,BUG,1.0
excellent,BUG,0.6
bhot ganda app,BUG,0.8
very good,BUG,0.6
super,BUG,0.6
good,BUG,0.6
ok very good,BUG,0.6
jum bhayan kin,BUG,0.8
best,BUG,0.6
nice,FEATURE,0.8
Very good,BUG,0.6
excessive advertising,BUG,0.8
best app,BUG,0.6
good app,BUG,0.8
‡§ñ‡•Ç‡§™ ‡§õ‡§æ‡§® ‡§Ü‡§π‡•á,BUG,0.8
why not use discord,BUG,0.6
nice,FEATURE,0.8
very very very very useful and I am impressed,FEATURE,0.6
good for online classes,FEATURE,0.6
Since last one year and six months I have a very wonderful experience with this app ya sometimes it shows me error code but nice app,BUG,0.8
veriy nice app,FEATURE,0.8
"What is this garbage? It takes 700+ MB of storage. For what? A silly glorified video call tool. Compare with any others, all of such do lots more and take 1/3 the storage. eg MS Teams - 400MB. Google meet - 158MB. Really shameful.",BUG,0.6
soo nice eesu zoom app,FEATURE,0.8
super for business,BUG,0.6
good support for healthy life,FEATURE,0.6
this app is so much easier to understand than the others,BUG,0.8
keep getting unknown errors,BUG,1.0
why not working in my tab,BUG,1.0
"for mobile, need a better participant's list that can be seen by host during screenshare",FEATURE,0.8
works very well,BUG,1.0
User friendly.,BUG,0.8
"excellent service, clear transmission and reception.",BUG,0.8
"Kinda bad video quality compared to others. And wouldn't let me sync with Google. Other than thats, it's okay I guess.",BUG,0.6
"If I could give negative stars, I would. Absolutely user unfriendly. both the app, and the people you talk to are not user friendly. They couldn't care less about their customers, and lack the training to solve customer issues. I spent 3 hours on the phone with these people with no solution to my missing payment that I gave proof of. There's no way to make a manual payment through the app. zoom somehow lost my payment and couldn't care less. I had to pay twice for the same month of service.",BUG,0.8
annoyed like hell. I can't stop this damn app from popping up when I try to make calls from my text message screen I have done multiple steps to fix this app but I might just have to delete it.,BUG,0.6
good communications for all people,BUG,0.6
"Iam using zoom from last 1 yr, no disturbance, clear sound, clear video, I will recommend others to use zoom.",BUG,0.8
five star,BUG,0.8
This app is very useful ‚ò∫Ô∏è‚ò∫Ô∏è,FEATURE,0.6
thik hai,BUG,0.8
time limit cant Saficiant,FEATURE,0.6
very nice,FEATURE,0.8
goog,BUG,0.8
its good but i dont know how can i use it pleas told me üòî‚òπÔ∏è,BUG,0.8
great,BUG,0.6
best meatting group,FEATURE,0.6
"this aap is very darty please do,not show again my feed",BUG,0.8
"It was a good experience using it , no problems occurred",BUG,0.6
so bad app,BUG,0.8
good,BUG,0.6
no blur video option,FEATURE,0.6
Zoom is perhaps the most widely known video call app besides Google Meet. made popular during the Covid Lockdown. Still useful in various ways.,FEATURE,0.8
"Trash app. Completely sabotaged interview. I used Google Meet/MS Teams in browser without issue, but this time they used Zoom. At first I went to use in browser, could not hear the speaker, because it used the phone's ear speaker, not loud speaker, which is no good for video calls. I tried to connect to BT speaker & earphones mid call, no sound at all. I had to download the app mid call and switch, it did not fix the other issues, only that the ear speaker was a tad louder, enough to wing it.",BUG,0.6
great,BUG,0.6
GOOD,BUG,0.6
"‡¶Ü‡¶∏‡¶∏‡¶æ‡¶≤‡¶æ‡¶Æ‡ßÅ ‡¶Ü‡¶≤‡¶æ‡¶á‡¶ï‡ßÅ‡¶Æ, ‡¶Ü‡¶Æ‡¶ø ‡¶ú‡ßÅ‡¶Æ‡ßá ‡¶Ö‡¶®‡¶≤‡¶æ‡¶á‡¶® ‡¶ï‡ßç‡¶≤‡¶æ‡¶∏ ‡¶ï‡¶∞‡¶§‡ßá ‡¶™‡¶æ‡¶∞‡¶§‡ßá‡¶õ‡¶ø ‡¶®‡¶æ‡•§ ‡¶Ü‡¶Æ‡¶æ‡¶∞ ‡¶´‡ßã‡¶® Samsung Galaxy j2 ‡¶Ö‡¶®‡ßÅ‡¶ó‡ßç‡¶∞‡¶π ‡¶ï‡¶∞‡ßá ‡¶Ü‡¶Æ‡¶æ‡¶ï‡ßá ‡¶Ö‡¶®‡¶≤‡¶æ‡¶á‡¶® ‡¶ï‡ßç‡¶≤‡¶æ‡¶∏ ‡¶ï‡¶∞‡¶æ‡¶∞ ‡¶Ö‡¶®‡ßÅ‡¶Æ‡¶§‡¶ø ‡¶¶‡¶ø‡¶≤‡ßá ‡¶Ü‡¶Æ‡¶ø ‡¶Ü‡¶™‡¶®‡¶æ‡¶∞ ‡¶®‡¶ø‡¶ï‡¶ü ‡¶ö‡¶ø‡¶∞‡¶ï‡ßÉ‡¶§‡¶ú‡ßç‡¶û ‡¶•‡¶æ‡¶ï‡¶ø‡¶¨",BUG,1.0
"Very promotional, data is set to zoom ownership of intellectual property rights. Great app. ....",FEATURE,0.8
how to update this,BUG,1.0
he open for me but he never open for me I have evedans for you never install itü•Ä(¬¨_¬¨),BUG,1.0
some times not clear that the problem other vise its good,BUG,1.0
üòû,BUG,0.8
trash I should've put 0 stars,BUG,0.8
good platform! I love the different ways to share,BUG,0.8
good job very nice üëç,FEATURE,0.6
üëçüëç,BUG,0.8
bad app..lagging audio,BUG,0.6
"Zoom is very useful for online meetings and classes. The video and audio quality are clear and stable. It makes communication easier with teachers, friends, and colleagues.",FEATURE,0.8
professional,BUG,0.8
good app,BUG,0.8
No background facilities in this app,BUG,0.8
good,BUG,0.6
‡Æï‡ØÅ‡Æü‡Øç,BUG,0.8
it's nice you can talk to people friends and family it's I'm waiting for more!,BUG,0.8
latest changes created a nightmare! I m moving to MS-Teams,BUG,1.0
"I like the ad, it's fast and easier to see face to face to families n friends",BUG,0.6
excellent üëå,BUG,0.6
this app is a garbage I give 25 dollar for subscription but they took my money and also give me the dailar for 1 week üëéüëéüëéüëéüëé,BUG,0.8
"Why fixing what's not broken?? Opening Zoom to quickly join the meeting. Hang on: where's the ""join the meeting"" button??? All tis overhaul and ""redesign"" - it's like going to your supermarket only to find that everything got moved around to make you go through the whole shop just to get your usual stuff. Unlike the supermarkets where they hope you'll buy more, I cannot see any advantage for Zoom owners. ""Get pro version"" banners are in my face anyways... Other than that, it does the job.",BUG,1.0
works well for me,BUG,1.0
I use it everyday,BUG,0.8
‡§ó‡•Å‡§°,BUG,0.8
"Gallery view in All Android devices only shows squares, which ends up cutting off half of people's faces when we're zooming with relatives. No settings to adjust this. Very annoying and hindering the entire zoom sessions.",BUG,0.8
"Horrible company. They treat their customers like garbage. If you ever mistakingly forget to cancel auto renew, they take your money and won't refund you, even if you reach out AN HOUR after the payment goes through. I hope they go out of business. Shameful way to treat your customers.",FEATURE,0.6
good üëç,BUG,0.6
Better service.,FEATURE,0.6
It is very good app for do something like meeting üî•üöÄ,FEATURE,0.6
"Ye meeting Mein app bahut, kaam aata hai.Please Is app ko try kare?",BUG,1.0
very good app,BUG,0.8
Always excellent and perfect recordings. Fab app,BUG,0.8
Very nice app . This app is very useful.,FEATURE,0.8
its good featured in App s,BUG,0.8
that is good for school,BUG,0.6
The best app we experienced a lot in Covid days,BUG,0.8
good,BUG,0.6
very nice app hai,FEATURE,0.8
good,BUG,0.6
vefy good they want to give easy to use ui,FEATURE,0.8
very good üíØ,BUG,0.6
Google zoom app is one of the best that brings life to the reality,BUG,0.6
nicw,BUG,0.8
I downloaded this back in 2025 and haven't deleted since recently I've uninstall edit and reinstalled for an update issue and the entire app changed the PiP now closes if I minimise the tab and my keyboard on my tablet closes as they both instantly start also if I click a link in browser back then it ued to instantly launch zoom from browser but now it first goes to the zoom app then allows me to join,BUG,0.6
my back ground always on blur on my samsung phone even after resetting.,BUG,1.0
good app,BUG,0.8
wrost,BUG,0.8
‚ù§Ô∏è,BUG,0.8
good,BUG,0.6
good and helpful,BUG,0.6
it's a good app I should be able to get it to you,BUG,0.8
Get the timer working again for Android devices! Great for most part except Zoom timer doesn't work with Samsung Galaxy phone or my Samsung tablet.,BUG,1.0
Great Help,BUG,1.0
"worst experience, always facing audio issue. for 2 mins it works fine then goes blank then again i am audible and thus cycle keeps on repeating. too heavy app and i have top notch devices and good quality network. so basically your app sucks",BUG,0.8
excellent app for getting together,BUG,0.6
Is easy to use,BUG,0.8
good platform,BUG,0.6
"When I use Zoom on my Pixel 8 Pro, there is ALWAYS some type of bug that prevents me from using the app properly. On a call today I was unable to open chat as every time I clicked on it, it rose up then dropped back down before loading. I've also had issues turning my video on and off and getting disconnected from the call randomly while trying to navigate settings and fix other issues.. PLEASE make this app more usable!!!!",BUG,0.8
Good,BUG,0.6
its too interesting,BUG,0.8
okay,BUG,0.8
awesome,BUG,0.6
updation is very bad,BUG,0.8
good,BUG,0.6
I use this app. every Sunday morning for church service in another state. I haven't experienced any problems when using it for the above purpose. Will use for other purposes soon.,BUG,0.8
Best in business.,BUG,0.6
"something is wrong. when I switch to another app, zoom goes dark or quits. I made sure display on top is enabled. I am up to date on Android. I uninstalled and reinstalled zoom. ************************************ old review the controls are very easy to use. sound and video are great. one question: why does the screen black out if you touch the upper part of the screen, even when zoom is not the active app?",BUG,1.0
it sticks on sign in and launch zoom,BUG,1.0
wow,BUG,0.6
"It is good, but make the updates incremental. 170MB is a huge download, like replacing the app altogether",FEATURE,0.6
Maybe you should upgrade the profile of the app,FEATURE,0.6
Nice,FEATURE,0.8
Excellent,BUG,0.6
can't download app,BUG,1.0
Good,BUG,0.6
bad app,BUG,0.8
Excellent üëå,BUG,0.6
very good thanks let's thanks Jehovah God.,BUG,0.8
goof,BUG,0.8
good,BUG,0.6
the new feature while downloading this apk was so creative I loved it mann ! HATS OFF üòÑüòÑ,BUG,1.0
good,BUG,0.6
Good to operate,BUG,0.6
nice,FEATURE,0.8
so amazing,BUG,0.6
apps download so fast. serve my purpose.. happy with play store.,BUG,1.0
this app download in not my phone pata nahin kyon nahin download hoti mere phone mein,BUG,1.0
good,BUG,0.6
was excellent but now can't open,BUG,0.6
wow,BUG,0.6
just good,BUG,1.0
Gd way for eletronic verbal works,BUG,0.6
excellent,BUG,0.6
Excellent facilities,BUG,0.6
para las conferncias y las clases una herramienta muy necesaria,BUG,0.6
ver good,BUG,0.6
I love zoom,BUG,1.0
very useful. Thank you very much Zoom team,BUG,0.6
super üëç,BUG,0.6
"Very nice, no disturbance. Thank you. As usual, excellent always. Thanks. Continues to be excellent. Thank you. Very good. Always good. Keep it up. I experience echoing. please help. thanks",BUG,0.8
"won't work properly on Google Pixel tablet, cannot submit support issue cannot connect external Bluetooth speaker",FEATURE,0.6
this app is soo helpful to my family,BUG,0.6
some time voice not clear,BUG,1.0
Makes for the best Bible study. Praise God.,BUG,0.8
good,BUG,0.6
it is outstanding.,BUG,0.8
cast athigamaga ulathu cast less panaum sirüôè,BUG,0.8
very good,BUG,0.6
useless,BUG,0.8
I tried downloading it but says device not compatible. Why can't any device irrespective of the android version have access to the app. This is not good in my opinion,FEATURE,0.6
good,BUG,0.6
good,BUG,0.6
Exicted And Beautiful Amazing,BUG,0.6
keeps crashing. can't join any meetings. can't even log in,BUG,1.0
nice,FEATURE,0.8
good service and fast,BUG,0.6
wonderful app,BUG,0.8
Excellent,BUG,0.6
Best for studies,BUG,0.6
I just subscribed to one month zoom workplace pro. I have been debited but the payment is not updated on the app. I'm still been limited to 40mins meeting time,BUG,0.8
it's so annoying. it keeps connecting even mobile data and WiFi is connected.. it sucksüò°,BUG,0.6
very good,BUG,0.6
I canceled all my services with zoom and they still took money out of my account.,BUG,0.6
no words it better than all,FEATURE,0.6
good experience,BUG,0.6
üíØüíØ,BUG,0.8
best,BUG,0.6
good,BUG,0.6
Even if I opted for stopping my video before the class started then also the app started my video automatically which put me in a awkward position. Very disappointed. Previously I never faced this problem? Please solve this as soon as possible. üôè,BUG,0.8
TAKES TOO MUCH TIME TO LOG IN,BUG,1.0
Annoying to have my gmail in front of screen. Thus blocking view.,BUG,0.8
very inconvenient,BUG,0.6
good,BUG,0.6
excellent,BUG,0.6
bad app,BUG,0.8
"Easy to understand. I'm not schooled on internet, and/or phones. So, being able to understand the computer Apps.",BUG,0.6
very bad app lots of problem while. connecting,BUG,1.0
new interface is very inconvenience. why the invitation link is like 7 paragraph with many link. the old version is way bstter,BUG,1.0
"very good, impressive and happy",BUG,0.8
bore,BUG,0.8
unsecure,BUG,0.8
can't start my smart recovery meetings 2 weeks now,BUG,0.8
really good aap.,BUG,0.6
clear video calll,BUG,0.6
excellent,BUG,0.6
good Life,BUG,0.6
it's wonderful,BUG,0.6
clarity in all aspects,BUG,0.8
excellent,BUG,0.6
good,BUG,0.6
good,BUG,0.6
awful,BUG,0.8
keeps disconnecting every few minutes awful use WhatsApp or disc,BUG,0.8
Good,BUG,0.6
does everything but Zoom!?,BUG,1.0
good,BUG,0.6
good,BUG,0.6
it freezes a lot and is sometimes hard to understand,BUG,0.6
ultimate application for digital marketing,BUG,0.8
good for online classes,FEATURE,0.6
can't install this app.,BUG,0.8
good and easy for communication as well as make connections with worldwide.,FEATURE,0.6
"My team & I have had several meetings per week and minimal issues. The audio and visual connections have been seamless. It's technology so the occasional glitch is to be expected. The only error that seems to be recurring is when screen sharing occurs and certain video files are played. Thus 4 stars. But, even comparatively to other platforms, we're satisfied.",BUG,0.6
‡∂©‡∑ö‡∂ß ‡∂Ö‡∂©‡∑î‡∑Ä‡∑ô‡∂±‡∑ä ‡∂ö‡∑ê‡∂¥‡∑ô‡∂±‡∑ä‡∂± ‡∑Ñ‡∂Ø‡∂¥‡∂±‡∑ä ‡∑Ñ‡∑î‡∂≠‡∑ä‡∂≠‡∑ú,BUG,0.8
very nice i can do my online classes,FEATURE,0.8
good,BUG,0.6
good app,BUG,0.8
This is a good app.,BUG,0.8
best app...üíõüí´,BUG,0.6
excellent and very useful for teachers and students,BUG,0.6
this is very good and I think this is the right app for working,BUG,1.0
Not that good as the host,BUG,0.6
useless app doesn't works,BUG,1.0
works well,BUG,1.0
my app is not working,BUG,1.0
"worst customer service, than any Government service anywhere in the world. Don't care attitude but reps will speak nicely(script), if you can get hold of them bypassing the strong AI assist. will send you marketing offers but if you try to accept, you will be told that it is not for you. This organization pretends as if they are supporting NGOs. it's partially true but has not grown to the level of understanding micro level charities who do unselfish service all over the world.",BUG,0.8
best place to have meeting online,BUG,0.6
"It was a waste of time. I attempted to join the team call but experienced technical issues. Overall, it was not a good experience. I believe Google Meet works better..",BUG,0.8
Great resource. very helpful,FEATURE,0.6
Is so useful and good,FEATURE,0.6
excellent,BUG,0.6
parent control still lets me use the Zoom Workplace but I have to sign in,BUG,0.6
üòÉüòÉ,BUG,0.8
Excellent,BUG,0.6
I love video call,FEATURE,0.6
good,BUG,0.6
bahut accha app hai ye,BUG,0.8
excellent app easy to use,BUG,0.6
on charging mobile volume goes to very low on speaker,BUG,0.6
"this is so annoying, it always lags and when i try to update it it just uninstall by itself bruh fix this sheesh",BUG,1.0
excellent üëç Audio and video both are clear.Happy with the App.,BUG,0.6
good,BUG,0.6
Best meeting professional,BUG,0.6
my video not open,FEATURE,0.6
super pa,BUG,0.6
Good,BUG,0.6
why does my recurring meeting list disappear?,BUG,0.6
GOOD!!!,BUG,0.6
recurring meeting list use to be there upon opening the app. it's gone now.. and no where to be found.,BUG,1.0
"Zoom has been such a reliable and easy-to-use app for meetings and staying connected. The video and audio quality are great, and I love how simple it is to join or host a meeting. It makes virtual gatherings smooth and stress-free every time! üíª‚ú®‚≠êÔ∏è‚≠êÔ∏è‚≠êÔ∏è‚≠êÔ∏è‚≠êÔ∏è",FEATURE,0.8
super,BUG,0.6
so far I have only used the platform for conversation. but it is great tool for my Bible study thanks,BUG,0.8
very good,BUG,0.6
works well,BUG,1.0
very good,BUG,0.6
"The latest Zoom update broke landscape on Android tablets. Tablet stays sideways, but Zoom locks portrait ‚Äî completely unusable for meetings. Tried everything: auto-rotate, cache clear, reinstall, rotation apps. Hours wasted. Please test updates properly before release.",FEATURE,0.6
ew,BUG,0.8
"great app, good and clear videos",BUG,0.6
good,BUG,0.6
not connecting to my Bluetooth,BUG,0.6
"Chats and Participants list not working, there seems to be a bug in android version",BUG,0.8
good and quality,BUG,0.6
Thank you because of the this zoom app I can attend my important meeting,BUG,1.0
this app keeps telling me to restore even after restoring countless times,BUG,1.0
üëçüëçüëç,BUG,0.8
best,BUG,0.6
new for business,BUG,0.8
i cant use it with cellular data. it tired me a lot... please fix it,BUG,0.6
not downloading for my phone please help me,BUG,1.0
best,BUG,0.6
at first it was good but 3months later it wose the worst expireance first i could not on my video after that i couldnt on my mick and i missed my class,BUG,0.6
What starts FREE should stay FREE,BUG,0.8
good,BUG,0.6
ok,BUG,0.6
why is this app not working on my phone I have tried to download it but it kept saying can't install,BUG,1.0
gampang,BUG,0.8
This app is so good,BUG,0.8
Thank you,BUG,1.0
"I'm enjoying my zoom experience. I'm still learning how to get all my features working, like making my space not to be on top of others. I'm very small and don't have my own square. I can hear and speak fine though.",BUG,1.0
it is good,BUG,0.6
good,BUG,0.6
good,BUG,0.6
new Feb 2026 update is awful - takes much longer to alter date and time. huge leap backwards.,BUG,1.0
too good,BUG,0.6
easy and convenient,FEATURE,0.6
nice,FEATURE,0.8
wonderful.e,BUG,0.6
Discussions and presentation are clear.,BUG,0.8
loved it from day one. thsnk you zoom,BUG,0.8
I am thankful to Zoom for the ability to participate in our meetings.,FEATURE,1.0
too good app,BUG,0.8
its very true and good option our life üëç,FEATURE,0.6
very good,BUG,0.6
2026-can't type and keep video in webinar? even on Tablet? really? maybe work a little harder on the basics before all the hoopla? Disconcerting to lose the feed to be able to type a message. Tried to open meeting on another device and transfers from first so can't do that... if communicating while watching is beyond the scope of the app then what is the point? Fix this.,BUG,1.0
it's good,BUG,0.6
awesome platform to be on,BUG,0.6
very good,BUG,0.6
"ive been using this since the pandemic because I'm an online student, but suddenly my video cam is all blank it wont show my face. i try to uninstall it and download it again it stays like that. But in other apps my video cam works. please fix this",BUG,0.6
isn't working at all,BUG,1.0
Resourceful,BUG,0.8
"I enjoy using this app, however, it used to allow a picture to show up if you weren't using the video portion, but now it's just blank",BUG,0.8
I love using Zoom as it is extremely convenient for me to use,BUG,0.6
"I believe I'm hooked up on the computer. I don't know for sure, but I'm definitely not hooked up on the phone and every time I try to do so, it wants another code. And zoom when I send me another code. Because I'm supposed to be a member. why is it so difficult to sign up Now that I broke the message, I don't see a way to send.",BUG,1.0
good,BUG,0.6
"I really didn't need to download zoom at all for the meeting that I needed to attend all I needed to do was click on the link I was sent in my email, I'm not very tech savvy ,& I've learned from this experience R,Parker",FEATURE,0.6
"Meetings sort of work? buttons just stop working entirely, often times I can't switch my output. Got stuck not being able to leave a meeting today.",BUG,0.8
good very good üíØ,BUG,0.6
suspicious links,BUG,0.8
"This app is better and easy to use but I have an idea in order to work well, on phone notification when you drop down at the notification center you can put Micro&video to turn it on without back through the application. it can be easy for user to use",BUG,0.8
super,BUG,0.6
"Previously: Needing update prevents my phone from joining meetings that I never had a problem with before UPDATE: Brand new phone, original sound no longer supported? Screen share unavailable? Can't get sound on a screencast? Maybe I should have given the previous review two stars, because this is worse. Only thing can I use this for now is to check on a meeting to see if I need to hurry to my laptop.",BUG,1.0
nice app,FEATURE,0.8
good,BUG,0.6
"Zoom was the lifesaver of the pandemic, but whatever update they made has disabled my ability to use original sound for musicians. And my friend with an older phone lost his ability to use the app entirely. Mr. Rogers used to say, ""Don't fix it if it ain't broke."" This is why he said that. You've completely ruined the ability of families to see live recitals and performances.",FEATURE,0.6
This app is 168mbs I have 1.5 gb free space and it keeps on telling me I don't have enough space üò°,BUG,0.8
good,BUG,0.6
üëç üëå,BUG,0.8
Very good,BUG,0.6
very good app in the study children's and official meeting,BUG,0.8
Excellent,BUG,0.6
Good,BUG,0.6
Paying for zoom. All meetings disappeared. Virtual assistant is useless. Just wasted an hour of my time and still have no meeting IDs to send of my 100 saved meetings. So frustrated. Googling shows it may have merged with calendar but I can't undo it.,BUG,1.0
awesome,BUG,0.6
v.good,BUG,0.6
"Every time I am attending my online class, 3 to 4 times during class zoom gets closed and says it stopped and I miss important lectures like this. So disappointed",FEATURE,0.6
it's better for international connection üòâ,BUG,0.8
Everything is fine but plzz fix like in insta if we open the chat then video goes up plzz propose this,BUG,0.8
can't open a single link,BUG,1.0
good,BUG,0.6
Wonderful teaching with Zoom thank you zoom,BUG,0.8
is not working on my phone,BUG,1.0
nice pic of my friends,BUG,0.8
doesn't say why the can't work properly on my device just a message that it may stop working,BUG,1.0
good,BUG,0.6
it's not fast download. It's very poor .,BUG,0.8
good,BUG,0.6
"Absolutely love this app during lockdown. Well done to the author(s), developers etc, etc. Brilliant way to communicate with friends and family worldwide. Thank you As above...5/6/2020...ditto 26/6/2020 & 2022 tis now Feb w026 and still enjoying Zoom..ots so convenient when one can't be at the meetings physically.",BUG,1.0
i don't like it,BUG,0.6
poor,BUG,1.0
good,BUG,0.6
can't work from home without it,BUG,1.0
good a paaae to the,BUG,0.6
it's amazing app,BUG,0.8
best,BUG,0.6
zoom is always clear and I can access my meetings quickly. There are never glitches and the pictures are but loud and clear. Just want to know how I can create a background during my Zoom call!,BUG,0.8
es muy buena gracias,BUG,0.6
Most useful app in this era,FEATURE,0.6
very good,BUG,0.6
no longer works. can not upgrade,BUG,0.6
superb,BUG,0.8
clear video and audio,BUG,0.8
‡Æú‡ØÇ‡ÆÆ‡Øç ‡Æí‡Æ∞‡Øç‡Æï‡Øç ‡Æ™‡Øá‡Æö‡Æø‡Æï‡Øç ‡ÆÆ‡Æ©‡ÆÆ‡Ææ‡Æ∞‡Øç‡Æ®‡Øç‡Æ§ ‡Æ®‡Æ©‡Øç‡Æ±‡Æø‡ÆØ‡Øà ‡Æ§‡ØÜ‡Æ∞‡Æø‡Æµ‡Æø‡Æ§‡Øç‡Æ§‡ØÅ‡Æï‡Øç ‡Æï‡Øä‡Æ≥‡Øç‡Æï‡Æø‡Æ±‡Øá‡Æ©‡Øç ‡Æö‡Ææ‡Æ§‡Ææ‡Æ∞‡Æ£ ‡Æ§‡Æ©‡Æø ‡ÆÆ‡Æ©‡Æø‡Æ§‡Æ©‡ØÅ‡Æü‡Øà‡ÆØ ‡ÆÜ‡Æ¥‡Øç‡ÆÆ‡Æ©‡Æ§‡Øà ‡ÆÜ‡Æ∞‡Ææ‡ÆØ‡Øç‡Æ®‡Øç‡Æ§‡ØÅ ‡ÆÖ‡Æµ‡Æ∞‡Øç‡Æï‡Æ≥‡ØÅ‡Æï‡Øç‡Æï‡ØÅ ‡Æé‡Æ©‡Øç‡Æ© ‡Æ§‡Øá‡Æµ‡Øà ‡Æé‡Æ©‡Øç‡Æ™‡Æ§‡Øà ‡ÆÖ‡Æ±‡Æø‡Æ®‡Øç‡Æ§‡ØÅ ‡ÆÖ‡Æ§‡Æ±‡Øç‡Æï‡Ææ‡Æ© ‡Æµ‡Æ≤‡Æø‡Æï‡Æ≥‡Øà ‡Æï‡Ææ‡Æü‡Øç‡Æü‡ØÅ‡Æµ‡Æ§‡ØÅ ‡ÆÆ‡Æü‡Øç‡Æü‡ØÅ‡ÆÆ‡Æ≤‡Øç‡Æ≤‡Ææ‡ÆÆ‡Æ≤‡Øç ‡Æö‡ØÜ‡ÆØ‡Æ≤‡Øç‡ÆÆ‡ØÅ‡Æ±‡Øà ‡Æ™‡ÆØ‡Æø‡Æ±‡Øç‡Æö‡Æø ‡Æö‡ØÜ‡ÆØ‡Øç‡ÆØ ‡Æµ‡Øà‡Æ§‡Øç‡Æ§‡ØÅ ‡ÆÆ‡ØÅ‡Æ¥‡ØÅ ‡Æ™‡Æ≤‡Æ©‡Øà‡ÆØ‡ØÅ‡ÆÆ‡Øç ‡Æ™‡ØÜ‡Æ± ‡Æö‡ØÜ‡ÆØ‡Øç‡ÆØ‡ØÅ‡ÆÆ‡Øç ‡Æú‡ØÇ‡Æ©‡Øç ‡Æµ‡Øä‡Æ∞‡Øç‡Æï‡Øç ‡ÆÉ‡Æ™‡Øá‡Æ∏‡Øç ‡Æé‡Æ©‡Øç ‡ÆÆ‡Æ©‡ÆÆ‡Ææ‡Æ∞‡Øç‡Æ®‡Øç‡Æ§ ‡Æ®‡Æ©‡Øç‡Æ±‡Æø‡Æï‡Æ≥‡Øç,BUG,0.8
zoom,BUG,0.6
good app,BUG,0.8
useful,FEATURE,0.6
üòé,BUG,0.8
the video call is not working,BUG,0.8
good,BUG,0.6
best,BUG,0.6
"This application, is great for projects, planning and meeting expectations.",BUG,0.8
Too lengthy but okay,BUG,0.8
great,BUG,0.6
üëç,BUG,0.8
Good,BUG,0.6
good meting app,BUG,0.8
failure to load,BUG,1.0
wender full app üëçüëç,BUG,0.8
Good,BUG,0.6
good,BUG,0.6
it is very good form meeting very good thank you for making this app 500/500,BUG,1.0
mojha ase gechhe bal ü§£ü§£,BUG,0.8
best app,BUG,0.6
good,BUG,0.6
Good üëç,BUG,0.6
if only I could get it to work,BUG,1.0
while installing the zoom meet it is not suppoting,BUG,0.8
Bist,BUG,0.8
good app but it had a problem with the green screen background,BUG,0.8
very bad does not opens camera and voice very bad app don't download,BUG,0.8
Superb‚ù§Ô∏è,BUG,0.8
good,BUG,0.6
good,BUG,0.6
worst experience ever Google meet is best üòç,BUG,0.8
No verification code..,BUG,0.6
great,BUG,0.6
good,BUG,0.6
"During online class era, Zoom became my second home. From awkward presentations to breakout room chaos, it handled everything smoothly. Screen sharing is clear, audio stable, and honestly‚Ä¶ it saved my academic life.",BUG,0.6
Constantly crashing.,BUG,1.0
goog,BUG,0.8
"Zoom is a reliable video conferencing app for meetings, classes, and online events. The video and audio quality are usually clear and stable. It is easy to join meetings using a link, which is very convenient. Screen sharing and recording features are very useful for learning and work. Overall, it is simple and effective for communication. Highly recommended!",FEATURE,1.0
Zoom Chat notifications don't show up on my Garmin watch. Please fix.,BUG,0.8
very very bad,BUG,0.8
video caption nhi aa raha hai,FEATURE,0.6
WORST EXPERIENCE. FACING HUGE TECHNICAL ISSUE. NO TECHNICAL SUPPORT IS THERE TO SOLVE THIS ISSUE üò°,BUG,0.6
worst,BUG,0.8
amezing,BUG,0.8
"it's not install Android 8, kindly fix it.",FEATURE,0.6
good,BUG,0.6
great,BUG,0.6
terrible install failed limes i missed a critical meeting. dud.,BUG,1.0
great,BUG,0.6
cool I had homework on it tho,FEATURE,0.6
good,BUG,0.6
fake,BUG,0.8
yaar zoom bhai alarm ka facility dedeten to jyada Sahi hota,BUG,0.6
Works great.,BUG,1.0
how incompetent do you have to be when you earn millions doing nothing but can't make functionable software on new firmware?,BUG,0.8
market üåπüíê,BUG,0.6
I can't sign in cuz it kicks me out into a browser then doesn't redirect back into the app. what's the point of the app if I have to use my browser to sign in?? nothing redirects correctly.,FEATURE,1.0
good üëç,BUG,0.6
excelente,BUG,0.8
"I can't get my application to open,",BUG,0.8
Good,BUG,0.6
good,BUG,0.6
awesome,BUG,0.6
NICE üòçüòçü•∞üòçüíñ‚ù§Ô∏è,FEATURE,0.8
very good,BUG,0.6
Thankful for the flexibility of ZOOM. I appreciate how the updates are timely.,FEATURE,0.8
i hate it,FEATURE,0.6
AOA I updated zoom few days back it's an excellent app over all But in this update I am facing a small issue that my connected time of class disappear while I am sharing some pdf to students in previous version connected time was always visible while sharing anything pic or pdf,BUG,0.6
excellent experience üëè,BUG,0.6
good app,BUG,0.8
best,BUG,0.6
good,BUG,0.6
fantastic,FEATURE,0.6
satisfied very much,BUG,0.8
help to each other to have a meeting,BUG,1.0
good,BUG,0.6
the zoom meeting all the quality is ok,FEATURE,0.8
very soothing and secured to operate,BUG,0.8
first time i will rate latter,BUG,1.0
It is really useful thank you,BUG,0.6
aap use ny kiye but bahut jald karenge use,BUG,0.6
as earler i was able to use the musician and studio environment in my tablet now it's been disabled and it's an error like it won't support for zoom phone and tablet,BUG,0.6
"not very enjoyable, couldn't open initially, then when it did, I couldn't share screen, doesn't open where slides are, so could not access my slides",BUG,0.8
‚ô•Ô∏è really like this app,BUG,0.6
excellent app,BUG,0.6
great,BUG,0.6
"Had to recently install for a telemedicine appointment, saved me a trip to kocal clinic. Not bad, it does what I need it for, but just a huge memory hog for my older phone. Otherwise, I'd have given this app 5 stars. Would be great if there was an authentic 'light' version of Zoom (as opposed to Workplace) for those of us who don't need all the bells and whistles, I need my doc to see I'm sick so I'm not about to use any of the filters lol",BUG,0.6
nice,FEATURE,0.8
good,BUG,0.6
Excellent,BUG,0.6
ok,BUG,0.6
for start to make easy and Okay,BUG,0.6
I am having a bad experience everytime I am joining a class...,BUG,0.6
it's to much bed app,BUG,0.8
very nice app,FEATURE,0.8
not working,BUG,1.0
"When I join a meeting, I see everyone but no one sees me. Everything is black.",BUG,0.8
super,BUG,0.6
love it,BUG,1.0
it is good but lags often in my version . but I suggest it...,BUG,0.8
"‚ÄãFeature Rich: From ""Touch Up My Appearance"" (a lifesaver on Monday mornings) to AI-generated meeting summaries, the toolset is massive. ‚ÄãIntegration: It plays nicely with almost everything‚ÄîGoogle Calendar, Slack, Outlook, and hundreds of third-party apps.",BUG,0.8
Good app for meeting,BUG,0.8
Super helpful,FEATURE,0.6
useful,FEATURE,0.6
nice,FEATURE,0.8
"> I am not satisfied with the new update. > The previous version was better, as it allowed microphone control while viewing the participants list. > This functionality is no longer available.",BUG,1.0
it's so nice,FEATURE,0.8
Im really loving that this app exists. I just wish it didn't drag as much.,FEATURE,0.6
every month it wants a restore,BUG,0.8
it's super easy to use and well organized,BUG,0.8
easy to use. makes meetings sweet,BUG,0.6
"New update, it's horrible. you removed the closed caption, why? many presenters had it, now I can't see it. what a shame! horrible to see all comments from the chat coming up and popping up while on the phone becoming distracting as many people. Sound on a phone is extremely low. you remove the closed caption. when I'm on the phone, it's extremely hard to use it in every sense. i can't chat now with organizer if need to inform something, all the group needs to know? this app got worst.",BUG,0.8
nice,FEATURE,0.8
I have always had excellent experience,BUG,0.6
good,BUG,0.6
wonderful,BUG,0.6
easy to use,BUG,0.8
business work,BUG,1.0
Good app,BUG,0.8
Good,BUG,0.6
super,BUG,0.6
"Why did you move the Chat feature without telling anyone and leaving us in the dark to figure out how to get it back? I was in a chat with over 100 people today and we were all surprised by this, as was the host. Any ideas on a fix to get this back?",FEATURE,0.6
happy,BUG,0.8
not bad,BUG,0.8
fine,BUG,1.0
not good for sure,BUG,0.8
This is a very good app. A lot of things are taught here. There are online classes here. This app is very good because there is a lot to learn here. A lot of things are taught about the hacking process.,BUG,0.6
This Apps is good for Zoom and stayble connection .,BUG,1.0
good,BUG,0.6
it is not fast,BUG,0.6
nice,FEATURE,0.8
üëç,BUG,0.8
"good sound,good app",BUG,0.8
"I canceled the free trial and still got charged $159. I would not suggest using this service. And let's, you're serious about paying for it",BUG,0.8
Good,BUG,0.6
using headphones is not an option I guess? well thanks for nearly getting me fired üíÄ,BUG,0.8
good,BUG,0.6
no ads at all#!!!,BUG,0.6
good App,BUG,0.8
good app,BUG,0.8
ok,BUG,0.6
Good,BUG,0.6
worst app ever used in my life...,BUG,1.0
OK mam,BUG,0.6
"Disappointed with this app. Login and sign-in don‚Äôt work at all, even after multiple attempts. Couldn‚Äôt join my meeting because of this issue. Completely useless when you need it urgently.",FEATURE,0.6
I couldn't join the meeting,BUG,0.6
it's very bad dose not exicute,BUG,0.8
ok it fine,BUG,0.6
good,BUG,0.6
very good,BUG,0.6
good app,BUG,0.8
‡¶Ö‡¶®‡ßá‡¶ï ‡¶≠‡¶æ‡¶≤‡ßã ‡¶è‡¶ï‡¶ü‡¶æ app ‡¶Ü‡¶Æ‡¶ø ‡¶¨‡ßç‡¶Ø‡¶¨‡¶π‡¶æ‡¶∞ ‡¶ï‡¶∞‡¶õ‡¶ø ‡¶Ü‡¶™‡¶®‡¶æ‡¶∞ ‡¶ì ‡¶ï‡¶∞‡¶§‡ßá ‡¶™‡¶æ‡¶∞‡ßá‡¶® ‡¶Ö‡¶®‡ßá‡¶ï ‡¶Æ‡¶ú‡¶æ ‡¶™‡¶æ‡¶¨‡ßá‡¶® ‡¶ï‡¶•‡¶æ ‡¶¶‡¶ø‡¶ö‡ßç‡¶õ‡¶øü•∞ü•∞,BUG,0.8
zoom is not supporting bluetooth connection many times and it's very irritating and frustrating,BUG,0.6
EXCELLENT,BUG,0.6
very good,BUG,0.6
excellent trening sessions,BUG,0.6
"Zoom is easy to use and good for online meetings or classes. Clear video and audio, and works well for staying connected anytime.",BUG,0.6
very good,BUG,0.6
good service,BUG,0.8
"This\nIs the worst app i've ever seen in my life. i have never signed up for this.I have never used this because I don't have an account,.They say I can't cancel this so-called account.They keep drafting my bank account.Be careful, they keep taking money from me over and over and over again.And I don't allow to talk to you to fix this, but I'm really over it.There's no way to contact them.So I probably just keep taking my money again and again , and I wish I could rate this at zero",BUG,0.8
Good job üëç,BUG,0.8
excellent,BUG,0.6
very poor experience. the devwlopers are trying to shake down money every way possible. disgusting.,BUG,1.0
excellent service,BUG,0.6
"wont download to my phone üò§ i deleted 6 other apps, it said i have enough room for the app but everytime i try , it wont download . zoom thinks i dont have enough storage üò°",BUG,1.0
Great,BUG,0.6
good,BUG,0.6
great this ap,BUG,0.6
"A reliable and convenient app for online communication, especially for education and business purposes.",BUG,0.6
"Zoom Workplace is an outstanding all-in-one collaboration tool that combines industry-leading video stability with powerful AI features like automated meeting summaries. By integrating chat, calendar, and phone into one interface, it effectively centralizes teamwork and boosts productivity. It remains the most reliable and efficient choice for professional digital communication.",FEATURE,0.6
good,BUG,0.6
it is good,BUG,0.6
It's not doing the thing we whant,BUG,0.8
it's nice,FEATURE,0.8
achcha,BUG,0.8
worst app,BUG,1.0
good,BUG,0.6
good best üòä,BUG,0.6
nice,FEATURE,0.8
very nice üëç,FEATURE,0.8
It was going good until i wasnt able to see the video on my phone when i went out of the app please fix this devs,BUG,1.0
excellent,BUG,0.6
very nice and helpful üíØ‚ò∫Ô∏è,FEATURE,0.8
I like,FEATURE,0.6
Absolutely hate the fact zoom has now been discontinued from older devices. I had to buy completely new devices to use zoom for my work.,BUG,0.6
üëç,BUG,0.8
zoom app not install,BUG,0.8
full power,FEATURE,0.6
"Before now, I would have ratted it a 6. But after I updated my zoom I can't make use of the whiteboard features. I can't even find it, it just disappeared.. That's so uncoil",BUG,0.6
You can contact people,BUG,0.6
"It completely drains the battery,EVEN WHEN IT IS ON CHARGE!!!!",FEATURE,0.6
"Does not install in this device, tells install in my other devices only",BUG,1.0
Difficult,BUG,0.6
very interesting,BUG,0.8
I cant open with my own personal account,BUG,0.8
goodüíØüëç,BUG,0.6
good and clearence talk,BUG,0.8
nice picture and videos,FEATURE,0.6
üëåüëå,BUG,0.8
I like it,FEATURE,0.6
excellent.,BUG,0.6
"Bro, this is so irritating. You get ONE free meeting with LIMITED time if you have the free Zoom and can't get more unless you upgrade your membership. Me and my friend were talking, and the Zoom abruptly ended. I don't recommend using this if you don't want to pay for a membership or if you need to have a long discussion.",BUG,0.8
exillance work,BUG,1.0
good,BUG,0.6
"very important place, especially for organize our meeting.",BUG,1.0
good responding,BUG,0.8
not letting me sign in keeps says ' sorry you cannot sign in at this time',BUG,1.0
excellent,BUG,0.6
"Ya know honestly the service was great while my business had a chance to use it. The unexpected termination of my account with no explanation other than some generic BS you came up with is reason enough for me to never use, recommend or ever acknowledge the existence of your product again. Zero customer service, zero recourse to get you to make it right. I would never trust your business again with my money or my business.",BUG,1.0
super,BUG,0.6
my connection to the on going meeting gets disconnected.,BUG,1.0
no virtual background changes for mobile. (google meet can),BUG,0.6
Zoom SUCKS Uninstalling it,BUG,0.6
required to download if on mobile browser. so you have to install and then uninstall the stupid app every time you have to use it for an appointment. garbage.,BUG,0.8
‚ù§Ô∏èüíï,BUG,0.8
calendar integration does not sync with website settings.,BUG,0.6
"it takes time to join the meeting, it's not the same as previous version",BUG,0.8
"it's a very great app, I love it",BUG,0.6
excellent üëå,BUG,0.6
Nice experience.,FEATURE,0.8
THIS is also good for people so don't worry about using it smoothly,BUG,0.8
nice app,FEATURE,0.8
this device is not downloading in my mobile‚òπÔ∏è,BUG,0.6
Good,BUG,0.6
"the option to change the audio output to speaker is gone which is the only way I ever use this app. I tried to submit a bug report for the issue, but the bug report doesn't work, either.",BUG,1.0
it was good,BUG,0.6
price control krte h sale ...bekar aap h loss m hi rhoge isko install mt krna na hi ismey trading krna,BUG,0.6
Good,BUG,0.6
very good app but it takes more time to download,BUG,1.0
good,BUG,0.6
good app,BUG,0.8
"Very good application. It is very helpful for organizing online education class rooms, meetings, and other virtual get togetherness. Can easily switch to pcs and laptops and mobile. A lot of Improvement seen for the last 3 years.",FEATURE,0.6
very helpful to have a meeting,FEATURE,0.8
good service,BUG,0.8
when I put my birth year it doesn't work like it's so annoying,BUG,1.0
very good,BUG,0.6
good üòéüòé,BUG,0.6
thank you üôè,BUG,1.0
Good,BUG,0.6
sometimes it works others not so much...,BUG,1.0
good,BUG,0.6
zoom has made a phenominal tranformation in our work place. so easy to operate and get linked to our clients and subscribers.,BUG,0.8
not able to download,BUG,1.0
best,BUG,0.6
"‡¶ó‡ßÅ‡¶°, ‡¶¨‡¶æ‡¶ü ‡¶Ü‡¶Æ‡¶æ‡¶∞ ‡¶Æ‡ßã‡¶¨‡¶æ‡¶á‡¶≤‡ßá ‡¶á‡¶®‡ßç‡¶∏‡¶ü‡¶≤ ‡¶π‡¶ö‡ßç‡¶õ‡ßá ‡¶®‡¶æ‡•§",BUG,0.8
Cant use headphones. Goes straight to speaker. Settings just come up blank. Phone screamed over all the office. Awful experience,BUG,1.0
Good,BUG,0.6
convenient for class,FEATURE,0.8
it is not working during important meetings please don't use this app for any meetings which are important,BUG,1.0
excellent,BUG,0.6
"it overheated my phone twice, 30 mins apart. I sprayed alcohol onto it, just to cool it down.",BUG,0.8
good,BUG,0.6
I'm interested,BUG,0.6
"good platform, nice for a bigger meeting but must pay after one hour.",BUG,0.6
it's not taking my phone number or my email id my email ID and phone number is correct but then also it's not taking very poor service,BUG,1.0
This app was working great untill some Idiot decided that if I do not allow it to use up my storage then it keep shutting down ...OK CHINA ZOOM ANSWER ME AFTER I ACCEPT ALL YOUR INTRUSIVE DEMANDS YOU STILL KEEP LOCKING DOWN THE APP every time the Host open for all to speak WHAT MORE DO YOU WANT with your two different audio setting TIAD A YUH,BUG,0.6
"It's okay, thants a lot.",BUG,1.0
not installed in my mobile please solve my problem please,BUG,0.6
why is the size of this app so big,FEATURE,0.6
nice meeting app,FEATURE,0.8
wow,BUG,0.6
super duper best apps,BUG,0.6
excellent,BUG,0.6
nice,FEATURE,0.8
I am interested,BUG,0.6
‡ÆÆ‡Æø‡Æï‡Æ®‡Æ©‡Øç‡Æ±‡ØÅ,BUG,0.8
"have problems with sound, don't connect my speakers ,before good connection.",BUG,0.8
download nahi ho raha,BUG,0.8
very good,BUG,0.6
great for an important meetings,BUG,0.8
"Zoom so cool, glad I can use it without showing my face, lol",BUG,0.6
so far don't need,BUG,0.8
Great,BUG,0.6
Super easy-to-use. I have been using zoom for years.,BUG,0.6
Zoom Workplace is the absolute best‚ù£Ô∏è,BUG,0.6
useful üëçüòÉ,FEATURE,0.6
it was great üëç,BUG,0.6
Excellent,BUG,0.6
niceüòç,FEATURE,0.8
good apps,BUG,0.8
perfectly working fine,BUG,1.0
this app was very use fulll,BUG,0.6
good,BUG,0.6
very poor pathetic,BUG,1.0
"t·ªá, kh√¥ng s·ª≠ d·ª•ng ƒë∆∞·ª£c",BUG,0.8
best app for students for classes,FEATURE,0.6
good service,BUG,0.8
very helpfull,BUG,0.8
‡¶≠‡¶æ‡¶≤‡ßã,BUG,0.8
good,BUG,0.6
easy to useüëåüèª Thankyou,BUG,0.8
Zoom is quite userfriendly,BUG,0.6
The best product ü§ùü§ù,BUG,0.6
very bad,BUG,0.8
nice,FEATURE,0.8
Quite good app everyone must use,BUG,0.8
working well no problems so far,BUG,0.8
wonderful apps,FEATURE,0.6
good üíØ,BUG,0.6
I have best experience of my classes ...,FEATURE,0.6
best app for Webinar,BUG,0.6
"Login issue, I am not able to login in zoom via Google. it's very frustrating",BUG,0.8
It's such a good app it helps kids do homeschooling talking to friends and sometimes even adults have it,FEATURE,0.6
"Very hard to sign on, use from Samsung tablet",BUG,0.8
gpod,BUG,0.8
Awesome,BUG,0.6
undoubtedly services o zoom has made people's life easy convenient in order to develop connectivity and do much more for business as well by sharing ur aspects,BUG,0.6
okay,BUG,0.8
nice,FEATURE,0.8
good connection and very good quality. thanks,BUG,0.8
Spyware data stealing app,FEATURE,0.6
very nice n promise app lik it,FEATURE,0.8
vary naice,BUG,0.8
very nice,FEATURE,0.8
"zoom settings completely changed, screen showing very small than previous version, host settings not visible properly than before,",BUG,0.6
always a great,BUG,0.6
I learned about Zoom during the pandemic. It was the platform used by my Religious organization for our meetings. I loved it so much that I now have my own zoom account and use it to keep in touch with family and friends.,BUG,1.0
Good overall. Would love to be able to blur my background on a tablet though,BUG,0.6
Good,BUG,0.6
nice,FEATURE,0.8
"This was so good but there's something you need to fix - the feature to ""stop incoming video"" no longer works. Even when I switch it on, the video of the host or presenters keeps playing. It used to halt it, showing a blank screen. Please fix",BUG,0.8
I really thought that 63 this would be pretty hard for me to navigate. I'm having no problems jumping in and understanding all of it I get to my meetings and I accomplish my goals,FEATURE,0.6
good,BUG,0.6
Haven't seen it before today so ????,BUG,1.0
i cant join some meeting Please see it,BUG,0.8
nice to start with because I am not yet experienced,FEATURE,0.6
"when updating there are new changes that are sometimes harder for us older ones to adjust to. yet, I'm grateful for the app. works good",BUG,0.6
wow,BUG,0.6
easy and perfect for group meetings,BUG,0.6
üòÄ,BUG,0.8
extremely happy üòä,BUG,0.8
good,BUG,0.6
good üòä,BUG,0.6
"my earphones are not able to connect for audio output, there's a reason why i prefer g meet",BUG,0.8
good,BUG,0.6
not bad not bad !!,BUG,0.8
nice,FEATURE,0.8
good experience,BUG,0.6
very good but the proplem in ages.,BUG,0.8
very bad,BUG,0.8
üëç,BUG,0.8
nice App,FEATURE,0.8
useless,BUG,0.8
ü§©ü§©,BUG,0.8
very good,BUG,0.6
I love the quality of the meeting,BUG,0.6
good,BUG,0.6
my first experience with zoom is my online class. it's helpful and I can zoom in and out to see any diagram that the sharer posts. it's an app I will always use..,FEATURE,0.8
I can't chat on my zoom meetings it's annoying,BUG,0.6
Very goooood,BUG,0.8
ok,BUG,0.6
good app,BUG,0.8
"ini kurnag cocok, saya lebih mau google place",BUG,0.8
low performance,FEATURE,0.6
when we click the link app is not opening.,BUG,1.0
good,BUG,0.6
good,BUG,0.6
This is a great app. I use this app everyday to join online classes‚Ä¶üëçü•∞,BUG,0.8
excellent,BUG,0.6
√öltima atualiza√ß√£o com problemas em celulares antigos. Favor corrigir.,BUG,0.6
it was good! and it was easy too.,BUG,0.6
nice,FEATURE,0.8
good,BUG,0.6
it is retarded. For some reason it thinks my tv is my phone. It even sent a verification from my tv to my phone yet somehow it can't tell they are different .,BUG,1.0
Nice app for meeting with folks. Easy to use.,BUG,0.6
audio is not on when I talk.,BUG,0.6
says other apps are on when they are not. Will not pull up camera,BUG,0.8
ok,BUG,0.6
very nice,FEATURE,0.8
Great platform!,BUG,0.6
good,BUG,0.6
answer button goes missing on fold phones. can't answer my business calls,FEATURE,0.6
best platform meeting bahut achhi karta hai.,BUG,0.6
not easy to access,BUG,0.6
terrible!,BUG,1.0
I couldn't figure it out.,BUG,0.6
"When joining a meeting, audio is defaulted to on, but video is off. both should be off.",FEATURE,0.6
good network,BUG,1.0
üëç,BUG,0.8
ye app mere phone mai kyu install ho rha plzz aap koi help kro na,BUG,0.8
Zoom not working my camera not open it's Show black screen only,BUG,1.0
It was a very good business meeting app,BUG,0.8
good app,BUG,0.8
too much time to download,BUG,1.0
"Smoooth ya won't Post review if it's STARLESS or-0 üôÑTRIED TO DOWNLOAD, WAITED, LOOKED LIKE all went well installing: BUT when done & things stopped downloading: The Install Button was STILL THERE like I'd NEVER touched it: downloaded it AGAIN watching really close: SAME BLOOM'N THINGüò≥ we went ANOTHER way on the videocall: THANKS YA'LL: WE LEARNED OUR LESSON, BLESS you ALL PRECIOUS BELOVED 1'S Hoping ya get ALL the bugs OR glitchs outta itüïä‚úùÔ∏èüßéüèæ‚Äç‚ôÄÔ∏èüïéüôèüèºüôèüèºüôèüèºü´Çü´Çü´Çüíîü¶ãü¶ãü¶ãü¶ãü¶ã‚òïÔ∏èCheers‚òïÔ∏è",BUG,1.0
can't download,BUG,1.0
I am not able to install this app in my phone,BUG,1.0
too irritating üòí it is not downloading and this app is telling first you delete all apps,BUG,1.0
very bad experience,BUG,0.8
‡§´‡•à‡§∏ ‡§ü‡•Ç ‡§´‡•à‡§∏ ‡§è‡§ï‡•ç‡§∏‡§™‡•Ä‡§∞‡§ø‡§Ø‡§Ç‡§∏‡•§,BUG,0.8
super,BUG,0.6
nice app,FEATURE,0.8
nice,FEATURE,0.8
"hi guys,i have a meeting that is very important to me.but i was downloading the app and It's quite good but it was so late like 20 minutes late and it was installing and say not enough space...now i am too late but the time of loading i think i need to know you, if you in a hurry i don't think it is a good app hey guys again i tried it doesn't work",BUG,1.0
awesome üëå,BUG,0.6
very Good app,BUG,0.8
good,BUG,0.6
nice,FEATURE,0.8
"scam application and developers,don't waste time and uninstall asap",BUG,0.8
ÿ≠ŸÑŸà,BUG,0.8
does not respect users system settings. volume at zero it still sounds off.,BUG,0.6
